Post ID,Survey,İlçe / Mahalle,"T.C. İzmir Valiliği Çevre ve Şehircilik İl Müdürlüğü, binanızda hasar tespiti işlemi yaptı mı?",T.C. İzmir Valiliği Çevre ve Şehircilik İl Müdürlüğü'nün hasar tespit sonucu nedir?
,,,,
3069,Hasarlı Bina,Bornova-Kazım Dirik,Evet,Hasarsız
3068,Hasarlı Bina,KONAK\KÜLTÜR MAHALLESİ,Evet,Hasarsız
3067,Hasarlı Bina,Bayraklı,Evet,Hasarsız
3066,Hasarlı Bina,Bayraklı,Evet,Hasarsız
3065,Hasarlı Bina,Konak Alsancak,Hayır,Bilmiyorum / Henüz belli olmadı
3064,Hasarlı Bina,Karabağlar Üçkuyular,Hayır,Bilmiyorum / Henüz belli olmadı
3063,Hasarlı Bina,"Gaziemir, gazikent mahallesi",Hayır,Bilmiyorum / Henüz belli olmadı
3062,Hasarlı Bina,KONAK\KÜLTÜR MAHALLESİ,Evet,Hasarsız
3061,Hasarlı Bina,KONAK\KÜLTÜR MAHALLESİ,Evet,Hasarsız
3060,Hasarlı Bina,KONAK\KÜLTÜR MAHALLESİ,Evet,Hasarsız
3059,Hasarlı Bina,Buca kızağa üçkuyular meydanı,Evet,Hafif Hasarlı
3058,Hasarlı Bina,Konak,Evet,Hafif Hasarlı
3057,Hasarlı Bina,Konak,Evet,Bilmiyorum / Henüz belli olmadı
3056,Hasarlı Bina,Bostanli karşiyaka,Hayır,Bilmiyorum / Henüz belli olmadı
3055,Hasarlı Bina,Konak/ Mimar sinan mah.,Evet,Hafif Hasarlı
3054,Hasarlı Bina,Karabağlar Şehitler Mahallesi,Hayır,Bilmiyorum / Henüz belli olmadı
3053,Hasarlı Bina,Konak Çankaya mahallesi,Hayır,Bilmiyorum / Henüz belli olmadı
3052,Hasarlı Bina,izmir bayraklı manavkuyu mah,Evet,Hafif Hasarlı
3051,Hasarlı Bina,konak- güzelyalı mah.,Hayır,Bilmiyorum / Henüz belli olmadı
3050,Hasarlı Bina,"Faik Paşa, Mh parof.Dr.Alim Şerif onaran. Sk.1276 .no:26 D.No:6 Konak/İzmir",Hayır,Bilmiyorum / Henüz belli olmadı
3049,Hasarlı Bina,"Faik Paşa, Mh parof.Dr.Alim Şerif onaran. Sk.1276 .no:26 D.No:6 Konak/İzmir",Hayır,Bilmiyorum / Henüz belli olmadı
3048,Hasarlı Bina,SOĞUKKUYU MAH.,Evet,Bilmiyorum / Henüz belli olmadı
3047,Hasarlı Bina,Karşıyaka / Soğukkuyu,Evet,Bilmiyorum / Henüz belli olmadı
3046,Hasarlı Bina,Karabağlar/Basın sitesi mahallesi,Hayır,Bilmiyorum / Henüz belli olmadı
3045,Hasarlı Bina,Nergiz Mahallesi,Evet,Hasarsız
3044,Hasarlı Bina,Bayraklı/ Osmangazi,Hayır,Bilmiyorum / Henüz belli olmadı
3043,Hasarlı Bina,Konak / Güneşli Mahallesi,Evet,Hasarsız
3042,Hasarlı Bina,Konak / Güneşli Mahallesi,Evet,Hasarsız
3041,Hasarlı Bina,İzmir,Evet,Hafif Hasarlı
3040,Hasarlı Bina,KONAK   ALSANCAK,Evet,Orta Hasarlı
3039,Hasarlı Bina,Çankaya mahallesi,Hayır,Bilmiyorum / Henüz belli olmadı
3038,Hasarlı Bina,İzmir,Evet,Hafif Hasarlı
3037,Hasarlı Bina,Buca valirahmibey,Evet,Hafif Hasarlı
3036,Hasarlı Bina,İzmir,Hayır,Bilmiyorum / Henüz belli olmadı
3035,Hasarlı Bina,"Balçova, Korutürk Mah.",Hayır,Bilmiyorum / Henüz belli olmadı
3034,Hasarlı Bina,"Balçova, Korutürk Mah.",Hayır,Bilmiyorum / Henüz belli olmadı
3033,Hasarlı Bina,Karşıyaka Donanmacı Mahallesi,Hayır,Hasarsız
3032,Hasarlı Bina,BAYRAKLI / MANAVKUYU,Evet,Hasarsız
3031,Hasarlı Bina,"Karsıyaka, Mavisehir",Evet,Hafif Hasarlı
3030,Hasarlı Bina,Konak ilçesi güzelyalı mahallesi,Hayır,Hafif Hasarlı
3029,Hasarlı Bina,Konak/Güzelyalı,Hayır,Hafif Hasarlı
3028,Hasarlı Bina,Tuna,Evet,Hasarsız
3027,Hasarlı Bina,Balçova/ teleferik mahallesi,Hayır,Bilmiyorum / Henüz belli olmadı
3026,Hasarlı Bina,"Konak, Güzelyalı",Hayır,Bilmiyorum / Henüz belli olmadı
3025,Hasarlı Bina,"Bayraklı, Mansuroğlu Mah.",Evet,Bilmiyorum / Henüz belli olmadı
3024,Hasarlı Bina,Konak Goztepe,Evet,Hasarsız
3023,Hasarlı Bina,Alaybey / Tersane,Evet,Hafif Hasarlı
3022,Hasarlı Bina,Mimar Sinan mahallesi,Hayır,Bilmiyorum / Henüz belli olmadı
3021,Hasarlı Bina,Konak,Hayır,Bilmiyorum / Henüz belli olmadı
3020,Hasarlı Bina,Bayraklı / Manavkuyu,Evet,Hafif Hasarlı
3019,Hasarlı Bina,Bayrakli / Manavkuyu,Evet,Hafif Hasarlı
3018,Hasarlı Bina,Balçova/Eğitim mahallesi,Hayır,Bilmiyorum / Henüz belli olmadı
3017,Hasarlı Bina,Balçova/Eğitim mahallesi,Hayır,Bilmiyorum / Henüz belli olmadı
3016,Hasarlı Bina,Izmir karsiyaka bostanli mahallesi,Evet,Hasarsız
3015,Hasarlı Bina,Bayraklı /Mansuroğlu Mahallesi,Hayır,Bilmiyorum / Henüz belli olmadı
3014,Hasarlı Bina,Bayraklı /Manavkuyu Mahallesi,Hayır,Bilmiyorum / Henüz belli olmadı
3013,Hasarlı Bina,KONAK/KÜLTÜR  MAH.,Evet,Hafif Hasarlı
3012,Hasarlı Bina,Bayraklı,Evet,Hafif Hasarlı
3011,Hasarlı Bina,bayraklı/manavkuyu,Evet,Hasarsız
3010,Hasarlı Bina,Bayraklı / Manavkuyu,Evet,Hasarsız
3009,Hasarlı Bina,Karabağlar / Bahar Mahallesi,Hayır,Bilmiyorum / Henüz belli olmadı
3008,Hasarlı Bina,Konak,Hayır,Bilmiyorum / Henüz belli olmadı
3007,Hasarlı Bina,Karşıyaka,Evet,Orta Hasarlı
3006,Hasarlı Bina,çiğli/yenimahalle,Evet,Hasarsız
3005,Hasarlı Bina,Karşıya DONANMACI mahallesi,Evet,Orta Hasarlı
3004,Hasarlı Bina,Karşıyaka DONANMACI Mahallesi,Evet,Orta Hasarlı
3003,Hasarlı Bina,Gaziemir Irmak Mahallesi,Hayır,Bilmiyorum / Henüz belli olmadı
3002,Hasarlı Bina,BASIN SİTESİ,Evet,Orta Hasarlı
3001,Hasarlı Bina,Zübeyde Hanım Mah,Evet,Hasarsız
3000,Hasarlı Bina,manavkuyu mah,Evet,Orta Hasarlı
2999,Hasarlı Bina,manavkuyu mah,Evet,Orta Hasarlı
2998,Hasarlı Bina,manavkuyu mah,Evet,Orta Hasarlı
2997,Hasarlı Bina,Konak-Alsancak,Evet,Hafif Hasarlı
2996,Hasarlı Bina,İzmir,Evet,Orta Hasarlı
2995,Hasarlı Bina,Karşıyaka/Alaybey,Hayır,Bilmiyorum / Henüz belli olmadı
2994,Hasarlı Bina,Karşıyaka/ tersane mahallesi,Evet,Hasarsız
2993,Hasarlı Bina,Karşıyaka,Evet,Bilmiyorum / Henüz belli olmadı
2992,Hasarlı Bina,Karşıyaka,Evet,Bilmiyorum / Henüz belli olmadı
2991,Hasarlı Bina,Konak / mithatpaşa mah,Hayır,Bilmiyorum / Henüz belli olmadı
2990,Hasarlı Bina,Musalla mah. Çeşme,Hayır,Bilmiyorum / Henüz belli olmadı
2989,Hasarlı Bina,Karşıyaka / Bostanlı,Hayır,Bilmiyorum / Henüz belli olmadı
2988,Hasarlı Bina,İZMİR,Evet,Hasarsız
2987,Hasarlı Bina,Balçova Korutürk Mahallesi,Hayır,Bilmiyorum / Henüz belli olmadı
2986,Hasarlı Bina,izmir,Evet,Hafif Hasarlı
2985,Hasarlı Bina,Bayraklı Mansuroğlu mahhallesi,Evet,Hafif Hasarlı
2984,Hasarlı Bina,BAYRAKLI MANSUROGLU,Evet,Hafif Hasarlı
2983,Hasarlı Bina,MEHMET ALİ AKMAN,Evet,Hasarsız
2982,Hasarlı Bina,Mansuroğlu mahallesi,Hayır,Bilmiyorum / Henüz belli olmadı
2981,Hasarlı Bina,Karşıyaka / Tuna Mah.,Evet,Hasarsız
2980,Hasarlı Bina,Bornova/Erzene,Evet,Hasarsız
2979,Hasarlı Bina,Bayraklı / Soğukkuyu,Evet,Hasarsız
2978,Hasarlı Bina,KARŞIYAKA - TERSANE MAHALLESİ,Hayır,Bilmiyorum / Henüz belli olmadı
2977,Hasarlı Bina,Karabağlar/Fahrettin Altay Mahallesi,Hayır,Bilmiyorum / Henüz belli olmadı
2976,Hasarlı Bina,Bayraklı/Manavkuyu Mahallesi,Evet,Orta Hasarlı
2975,Hasarlı Bina,Manavkuyu,Evet,Hafif Hasarlı
2974,Hasarlı Bina,Balçova Korutürk,Hayır,Orta Hasarlı
2973,Hasarlı Bina,Bayraklı,Evet,Hasarsız
2972,Hasarlı Bina,Konak/ Göztepe mahallesi,Hayır,Bilmiyorum / Henüz belli olmadı
2971,Hasarlı Bina,BAYRAKLI TEPEKULE MAHALLESİ,Evet,Orta Hasarlı
2970,Hasarlı Bina,BAYRAKLI TEPEKULE MAHALLESİ,Evet,Orta Hasarlı
2969,Hasarlı Bina,Alsancak kültür mahallesi,Evet,Hafif Hasarlı
2968,Hasarlı Bina,Gaziemir Yeşil Mahalle,Hayır,Bilmiyorum / Henüz belli olmadı
2967,Hasarlı Bina,Karşıkaya Nergiz Mahallesi,Evet,Bilmiyorum / Henüz belli olmadı
2966,Hasarlı Bina,Çiğli/Ataşehir Mahallesi,Evet,Bilmiyorum / Henüz belli olmadı
2965,Hasarlı Bina,Göztepe,Evet,Bilmiyorum / Henüz belli olmadı
2964,Hasarlı Bina,Karabağlar bahar,Hayır,Hafif Hasarlı
2963,Hasarlı Bina,Karabağlar bahar,Hayır,Hafif Hasarlı
2962,Hasarlı Bina,Narlıdere/Ilıca,Evet,Bilmiyorum / Henüz belli olmadı
2961,Hasarlı Bina,"BAYRAKLI,MANAVKUYU MAH.",Evet,Orta Hasarlı
2960,Hasarlı Bina,"Narlıdere, Ilıca mahallesi",Hayır,Bilmiyorum / Henüz belli olmadı
2959,Hasarlı Bina,Ergene mahallesi,Hayır,Bilmiyorum / Henüz belli olmadı
2958,Hasarlı Bina,Bornova - Ergene Mahallesi,Evet,Hasarsız
2957,Hasarlı Bina,Karşıyaka Yalı Mahallesi,Evet,Hasarsız
2956,Hasarlı Bina,buca inkılap mahallesi,Hayır,Bilmiyorum / Henüz belli olmadı
2955,Hasarlı Bina,İzmir bayraklı mustafa kemal cad manavkuyu mah no 162,Evet,Orta Hasarlı
2954,Hasarlı Bina,karşıyaka tuna mahallesi,Evet,Bilmiyorum / Henüz belli olmadı
2953,Hasarlı Bina,KONAK/KÜLTÜR  MAH.,Evet,Hafif Hasarlı
2952,Hasarlı Bina,MANAVKUYU MAH.,Evet,Hasarsız
2951,Hasarlı Bina,İzmir karşıyaka bahçelievler,Evet,Orta Hasarlı
2950,Hasarlı Bina,KARŞIYAKA / ATAKENT,Evet,Hafif Hasarlı
2949,Hasarlı Bina,Konak /Alsancak,Hayır,Bilmiyorum / Henüz belli olmadı
2948,Hasarlı Bina,Kültür Mahallesi,Hayır,Bilmiyorum / Henüz belli olmadı
2947,Hasarlı Bina,Mimar sinan mah,Hayır,Bilmiyorum / Henüz belli olmadı
2946,Hasarlı Bina,Konak /Akdeniz Mahallesi,Hayır,Bilmiyorum / Henüz belli olmadı
2945,Hasarlı Bina,KONAK/KÜLTÜR  MAH.,Evet,Hafif Hasarlı
2944,Hasarlı Bina,Konak /Akdeniz Mahallesi,Hayır,Bilmiyorum / Henüz belli olmadı
2943,Hasarlı Bina,"Karabağlar ilçesi, Poligon mahallesi",Hayır,Bilmiyorum / Henüz belli olmadı
2942,Hasarlı Bina,Alsancak,Hayır,Bilmiyorum / Henüz belli olmadı
2941,Hasarlı Bina,bayraklı mansuroğlu,Evet,Bilmiyorum / Henüz belli olmadı
2940,Hasarlı Bina,bayraklı mansuroğlu,Evet,Ağır Hasarlı
2939,Hasarlı Bina,Bayraklı / Mansuroğlu Mah.,Evet,Hafif Hasarlı
2938,Hasarlı Bina,Bayraklı / Mansuroğlu Mah.,Evet,Hafif Hasarlı
2937,Hasarlı Bina,Karşıyaka/Tuna,Evet,Bilmiyorum / Henüz belli olmadı
2936,Hasarlı Bina,K.yaka bahariye,Evet,Hasarsız
2935,Hasarlı Bina,Güneşli mahallesi konak,Evet,Hasarsız
2934,Hasarlı Bina,BAYRAKLI,Hayır,Bilmiyorum / Henüz belli olmadı
2933,Hasarlı Bina,Bayraklı Manavkuyu,Evet,Hasarsız
2932,Hasarlı Bina,Karşıyaka-Bahçelievler,Evet,Orta Hasarlı
2931,Hasarlı Bina,İzmir/Bayraklı/Mansuroğlu Mah,Evet,Hafif Hasarlı
2930,Hasarlı Bina,Karabağlar/Fahrettin Altay mah,Hayır,Bilmiyorum / Henüz belli olmadı
2929,Hasarlı Bina,Konak- Alsancak Mah.,Hayır,Bilmiyorum / Henüz belli olmadı
2928,Hasarlı Bina,Karabağlar-fahrettin altay mah,Hayır,Bilmiyorum / Henüz belli olmadı
2927,Hasarlı Bina,Karabağlar yurtoğlu,Hayır,Bilmiyorum / Henüz belli olmadı
2926,Hasarlı Bina,Çiğli Yenimahalle,Evet,Bilmiyorum / Henüz belli olmadı
2925,Hasarlı Bina,Konak/Güneşli,Evet,Orta Hasarlı
2924,Hasarlı Bina,izmir,Evet,Hasarsız
2923,Hasarlı Bina,Bayraklı / Manavkuyu mahallesi,Evet,Hasarsız
2922,Hasarlı Bina,Karabağlar Vatan mahallesi,Hayır,Bilmiyorum / Henüz belli olmadı
2921,Hasarlı Bina,osmangazi/bayraklı,Evet,Bilmiyorum / Henüz belli olmadı
2920,Hasarlı Bina,BORNOVA KAZIMDİRİK MAHALLESİ,Evet,Hafif Hasarlı
2919,Hasarlı Bina,bayrakli manavkuyu,Evet,Bilmiyorum / Henüz belli olmadı
2918,Hasarlı Bina,Göztepe/sadıkbey,Hayır,Bilmiyorum / Henüz belli olmadı
2917,Hasarlı Bina,karşıyaka-şemikler,Evet,Hafif Hasarlı
2916,Hasarlı Bina,BKARŞIYAKA/BOSTANLI,Evet,Hasarsız
2915,Hasarlı Bina,BORNOVA KAZIMDIRIK MAH.,Evet,Hasarsız
2914,Hasarlı Bina,Çiğli/balatçık,Hayır,Bilmiyorum / Henüz belli olmadı
2913,Hasarlı Bina,osmangazi/bayraklı,Evet,Bilmiyorum / Henüz belli olmadı
2912,Hasarlı Bina,Kültür mah. 1375 sokak no:6 sevil apt kat :2 daire :9 alsancak izmir,Hayır,Bilmiyorum / Henüz belli olmadı
2911,Hasarlı Bina,Gaziemir/atıfbey,Hayır,Bilmiyorum / Henüz belli olmadı
2910,Hasarlı Bina,"Bayrakli, Manavkuyu Mahallesi",Evet,Hasarsız
2909,Hasarlı Bina,Karşıyaka / Zübeyde Hanım Mahallesi,Evet,Hasarsız
2908,Hasarlı Bina,"Bayraklı, Manavkuyu Mahallesi",Evet,Hafif Hasarlı
2907,Hasarlı Bina,Bayraklı Mansuroğlu,Evet,Hafif Hasarlı
2906,Hasarlı Bina,Narlıdere/Ataturk Mahallesi,Hayır,Bilmiyorum / Henüz belli olmadı
2905,Hasarlı Bina,Karşıyaka Yalı mahallesi,Evet,Hasarsız
2904,Hasarlı Bina,Gaziemir/atıfbey mah,Evet,Bilmiyorum / Henüz belli olmadı
2903,Hasarlı Bina,çiğli egekent,Hayır,Bilmiyorum / Henüz belli olmadı
2902,Hasarlı Bina,Sair esref bulvari 35/2 meydan 2 d apartmani,Hayır,Bilmiyorum / Henüz belli olmadı
2901,Hasarlı Bina,Karşıyaka zübeyde hanım mahallesi,Evet,Hasarsız
2900,Hasarlı Bina,Mansuroğlu Mahallesi Bayraklı İlçesi,Evet,Bilmiyorum / Henüz belli olmadı
2899,Hasarlı Bina,Karabağlar,Hayır,Bilmiyorum / Henüz belli olmadı
2898,Hasarlı Bina,gaziemir/sarnıç,Evet,Hasarsız
2897,Hasarlı Bina,Alsancak,Hayır,Bilmiyorum / Henüz belli olmadı
2896,Hasarlı Bina,Göztepe Mah.,Hayır,Bilmiyorum / Henüz belli olmadı
2895,Hasarlı Bina,İmbatlı Mah.,Hayır,Bilmiyorum / Henüz belli olmadı
2894,Hasarlı Bina,Kültür Mah.,Hayır,Bilmiyorum / Henüz belli olmadı
2893,Hasarlı Bina,Kültür Mah.,Hayır,Bilmiyorum / Henüz belli olmadı
2892,Hasarlı Bina,Alsancak,Hayır,Bilmiyorum / Henüz belli olmadı
2891,Hasarlı Bina,KÜLTÜR MAH.,Hayır,Bilmiyorum / Henüz belli olmadı
2890,Hasarlı Bina,KONAK,Hayır,Bilmiyorum / Henüz belli olmadı
2889,Hasarlı Bina,Ergene mah.,Hayır,Bilmiyorum / Henüz belli olmadı
2888,Hasarlı Bina,Mimar Sinan Mah.,Hayır,Bilmiyorum / Henüz belli olmadı
2887,Hasarlı Bina,Alsancak,Hayır,Bilmiyorum / Henüz belli olmadı
2886,Hasarlı Bina,Bornova,Evet,Orta Hasarlı
2885,Hasarlı Bina,ALSANCAK,Hayır,Bilmiyorum / Henüz belli olmadı
2884,Hasarlı Bina,Alsancak,Hayır,Bilmiyorum / Henüz belli olmadı
2883,Hasarlı Bina,Mimar Sinan Mah.,Hayır,Bilmiyorum / Henüz belli olmadı
2882,Hasarlı Bina,Bornova,Evet,Orta Hasarlı
2881,Hasarlı Bina,Alsancak,Hayır,Bilmiyorum / Henüz belli olmadı
2880,Hasarlı Bina,Tepekule mah.,Evet,Hafif Hasarlı
2879,Hasarlı Bina,Aksoy mah.,Hayır,Bilmiyorum / Henüz belli olmadı
2878,Hasarlı Bina,Karabağlar/ basın sitesi mahallesi,Hayır,Bilmiyorum / Henüz belli olmadı
2877,Hasarlı Bina,Bayraklı - Manavkuyu,Evet,Hasarsız
2876,Hasarlı Bina,Alsancak,Hayır,Bilmiyorum / Henüz belli olmadı
2875,Hasarlı Bina,Karabağlar/ basın sitesi mahallesi,Hayır,Bilmiyorum / Henüz belli olmadı
2874,Hasarlı Bina,Alsancak,Hayır,Bilmiyorum / Henüz belli olmadı
2873,Hasarlı Bina,Alsancak Mah.,Hayır,Bilmiyorum / Henüz belli olmadı
2872,Hasarlı Bina,Kültür mah.,Hayır,Bilmiyorum / Henüz belli olmadı
2871,Hasarlı Bina,KONAK,Hayır,Bilmiyorum / Henüz belli olmadı
2870,Hasarlı Bina,ALSANCAK,Hayır,Bilmiyorum / Henüz belli olmadı
2869,Hasarlı Bina,ALSANCAK,Hayır,Bilmiyorum / Henüz belli olmadı
2868,Hasarlı Bina,ALSANCAK,Hayır,Bilmiyorum / Henüz belli olmadı
2867,Hasarlı Bina,ALSANCAK,Hayır,Bilmiyorum / Henüz belli olmadı
2866,Hasarlı Bina,Bornova Atatürk mahallesi,Evet,Hafif Hasarlı
2865,Hasarlı Bina,Adalet Mahallesi / Bayraklı,Evet,Hafif Hasarlı
2864,Hasarlı Bina,KARABAĞLAR ÜÇKUYULAR MAHALLESİ,Hayır,Bilmiyorum / Henüz belli olmadı
2863,Hasarlı Bina,ÇİĞLİ/ATAŞEHİR,Hayır,Bilmiyorum / Henüz belli olmadı
2862,Hasarlı Bina,Konak Mithatpaşa,Hayır,Bilmiyorum / Henüz belli olmadı
2861,Hasarlı Bina,Karşıyaka / Bahariye Mahallesi,Evet,Hafif Hasarlı
2860,Hasarlı Bina,Goncalar mah. Karşıyaka,Evet,Orta Hasarlı
2859,Hasarlı Bina,Bostanlı /Karşıyaka,Hayır,Bilmiyorum / Henüz belli olmadı
2858,Hasarlı Bina,Alsancak Mahallesi,Hayır,Bilmiyorum / Henüz belli olmadı
2857,Hasarlı Bina,Aliağa / Atatürk Mahallesi,Hayır,Bilmiyorum / Henüz belli olmadı
2856,Hasarlı Bina,karşıyaka şemikler izmir,Hayır,Bilmiyorum / Henüz belli olmadı
2855,Hasarlı Bina,atakent yalı mahallesi 6441/1 sokak no 2,Hayır,Bilmiyorum / Henüz belli olmadı
2854,Hasarlı Bina,murat reis mahallesi 231.sokak n:23 d:5,Hayır,Bilmiyorum / Henüz belli olmadı
2853,Hasarlı Bina,Bayraklı / Tepekule Mahallesi,Evet,Hasarsız
2852,Hasarlı Bina,Bayraklı/Mansuroğlu Mah.,Evet,Hafif Hasarlı
2851,Hasarlı Bina,Karşıyaka nergiz mahallesi,Evet,Hasarsız
2850,Hasarlı Bina,"Konak, Güneşli Mahallesi",Evet,Hasarsız
2849,Hasarlı Bina,Buca,Evet,Hafif Hasarlı
2848,Hasarlı Bina,ALSANCAK,Hayır,Bilmiyorum / Henüz belli olmadı
2847,Hasarlı Bina,Kültür mahallesi,Hayır,Bilmiyorum / Henüz belli olmadı
2846,Hasarlı Bina,MİMAR SİNAN MAH.,Hayır,Bilmiyorum / Henüz belli olmadı
2845,Hasarlı Bina,Ergene mah.,Hayır,Bilmiyorum / Henüz belli olmadı
2844,Hasarlı Bina,ALSANCAK,Hayır,Bilmiyorum / Henüz belli olmadı
2843,Hasarlı Bina,KÜLTÜR MAH.,Hayır,Bilmiyorum / Henüz belli olmadı
2842,Hasarlı Bina,Kültür Mah.,Hayır,Bilmiyorum / Henüz belli olmadı
2841,Hasarlı Bina,ALSANCAK,Hayır,Bilmiyorum / Henüz belli olmadı
2840,Hasarlı Bina,ALSANCAK,Hayır,Bilmiyorum / Henüz belli olmadı
2839,Hasarlı Bina,Kültür Mah.,Hayır,Bilmiyorum / Henüz belli olmadı
2838,Hasarlı Bina,İmbatlı Mah.,Hayır,Bilmiyorum / Henüz belli olmadı
2837,Hasarlı Bina,ALSANCAK,Hayır,Bilmiyorum / Henüz belli olmadı
2836,Hasarlı Bina,ALSANCAK,Hayır,Bilmiyorum / Henüz belli olmadı
2835,Hasarlı Bina,ALİ ÇETİNKAYA BULV.,Hayır,Bilmiyorum / Henüz belli olmadı
2834,Hasarlı Bina,TALATPAŞA BULV.,Hayır,Bilmiyorum / Henüz belli olmadı
2833,Hasarlı Bina,Cumhuriyet Bulvarı,Hayır,Bilmiyorum / Henüz belli olmadı
2832,Hasarlı Bina,Kültür Mah.,Hayır,Bilmiyorum / Henüz belli olmadı
2831,Hasarlı Bina,KONAK,Hayır,Bilmiyorum / Henüz belli olmadı
2830,Hasarlı Bina,alsancak,Hayır,Bilmiyorum / Henüz belli olmadı
2829,Hasarlı Bina,alsancak,Hayır,Bilmiyorum / Henüz belli olmadı
2828,Hasarlı Bina,alsancak,Hayır,Bilmiyorum / Henüz belli olmadı
2827,Hasarlı Bina,MİMAR SİNAN MAH.,Hayır,Bilmiyorum / Henüz belli olmadı
2826,Hasarlı Bina,KÜLTÜR MAH.,Hayır,Bilmiyorum / Henüz belli olmadı
2825,Hasarlı Bina,KÜÇÜKÇİĞLİ MAH,Hayır,Bilmiyorum / Henüz belli olmadı
2824,Hasarlı Bina,karabağlar Üçkuyular Mah.,Hayır,Bilmiyorum / Henüz belli olmadı
2823,Hasarlı Bina,Bayraklı / Mansuroğlu Mahallesi,Evet,Hafif Hasarlı
2822,Hasarlı Bina,Alsancak Konak,Hayır,Bilmiyorum / Henüz belli olmadı
2821,Hasarlı Bina,Karabağlar Esenyalı Mah.,Evet,Hasarsız
2820,Hasarlı Bina,Bayraklı-Mansuroğlu Mahallesi,Evet,Hafif Hasarlı
2819,Hasarlı Bina,İzmir Karşıyaka / Bostanlı,Evet,Bilmiyorum / Henüz belli olmadı
2818,Hasarlı Bina,ÇİĞLİ,Hayır,Bilmiyorum / Henüz belli olmadı
2817,Hasarlı Bina,alsancak,Hayır,Bilmiyorum / Henüz belli olmadı
2816,Hasarlı Bina,alsancak,Hayır,Bilmiyorum / Henüz belli olmadı
2815,Hasarlı Bina,ÇİĞLİ,Hayır,Bilmiyorum / Henüz belli olmadı
2814,Hasarlı Bina,alsancak,Hayır,Bilmiyorum / Henüz belli olmadı
2813,Hasarlı Bina,İzmir,Hayır,Bilmiyorum / Henüz belli olmadı
2812,Hasarlı Bina,Korutürk,Hayır,Bilmiyorum / Henüz belli olmadı
2811,Hasarlı Bina,alsancak,Hayır,Bilmiyorum / Henüz belli olmadı
2810,Hasarlı Bina,MİMAR SİNAN MAHALLESİ,Hayır,Bilmiyorum / Henüz belli olmadı
2809,Hasarlı Bina,KÜLTÜR MAH.,Hayır,Bilmiyorum / Henüz belli olmadı
2808,Hasarlı Bina,ŞAİR EŞREF BULVARI,Hayır,Bilmiyorum / Henüz belli olmadı
2807,Hasarlı Bina,PARK YAŞAM MAVİŞEHİR OFİSLERİ YALI MAH.,Hayır,Bilmiyorum / Henüz belli olmadı
2806,Hasarlı Bina,Bayraklı / Mansuroğlu,Evet,Hafif Hasarlı
2805,Hasarlı Bina,Mansuroğlu Mahallesi,Hayır,Bilmiyorum / Henüz belli olmadı
2804,Hasarlı Bina,Alsancak,Hayır,Bilmiyorum / Henüz belli olmadı
2803,Hasarlı Bina,KÜLTÜR MAH.,Hayır,Bilmiyorum / Henüz belli olmadı
2802,Hasarlı Bina,MİMAR SİNAN MAH.,Hayır,Bilmiyorum / Henüz belli olmadı
2801,Hasarlı Bina,Şair Eşref Bulvarı,Hayır,Bilmiyorum / Henüz belli olmadı
2800,Hasarlı Bina,Mimar Sinan Mahallesi,Hayır,Bilmiyorum / Henüz belli olmadı
2799,Hasarlı Bina,ALSANCAK,Hayır,Bilmiyorum / Henüz belli olmadı
2798,Hasarlı Bina,MANAVKUYU MAH.,Hayır,Bilmiyorum / Henüz belli olmadı
2797,Hasarlı Bina,Bayraklı,Hayır,Bilmiyorum / Henüz belli olmadı
2796,Hasarlı Bina,Bayraklı manavkuyu,Evet,Orta Hasarlı
2795,Hasarlı Bina,"KONAK, Murat Reis Mahallesi.",Hayır,Bilmiyorum / Henüz belli olmadı
2794,Hasarlı Bina,MUSTAFA KEMAL PAŞA MAH. GÜZELBAHÇE/İZMİR,Hayır,Bilmiyorum / Henüz belli olmadı
2793,Hasarlı Bina,AHMET TANER KIŞLALI MAH.,Hayır,Bilmiyorum / Henüz belli olmadı
2792,Hasarlı Bina,ADALET MAH.,Hayır,Bilmiyorum / Henüz belli olmadı
2791,Hasarlı Bina,MANSUROĞLU MAH.,Hayır,Bilmiyorum / Henüz belli olmadı
2790,Hasarlı Bina,"""2132/2 SK.",Hayır,Bilmiyorum / Henüz belli olmadı
2789,Hasarlı Bina,MANAVKUYU MAH.,Hayır,Bilmiyorum / Henüz belli olmadı
2788,Hasarlı Bina,Karşıyaka/goncalar mahallesi,Evet,Hafif Hasarlı
2787,Hasarlı Bina,KARŞIYAKA / NERGİZ,Evet,Hafif Hasarlı
2786,Hasarlı Bina,SOĞUKKUYU MAH.,Hayır,Bilmiyorum / Henüz belli olmadı
2785,Hasarlı Bina,Nergiz,Hayır,Hafif Hasarlı
2784,Hasarlı Bina,ALİ FUAT CEBESOY MAH.,Hayır,Bilmiyorum / Henüz belli olmadı
2783,Hasarlı Bina,NERGİZ MAH.,Hayır,Bilmiyorum / Henüz belli olmadı
2782,Hasarlı Bina,ALAYBEY MAH.,Hayır,Bilmiyorum / Henüz belli olmadı
2781,Hasarlı Bina,Alsancak,Evet,Hafif Hasarlı
2780,Hasarlı Bina,KOZAĞAÇ MAH.,Hayır,Bilmiyorum / Henüz belli olmadı
2779,Hasarlı Bina,EFELER MAH.,Hayır,Bilmiyorum / Henüz belli olmadı
2778,Hasarlı Bina,Bayraklı /Mansuroğlu Mahallesi,Evet,Ağır Hasarlı
2777,Hasarlı Bina,KOZAĞAÇ MAH.,Hayır,Bilmiyorum / Henüz belli olmadı
2776,Hasarlı Bina,MENDERES MAH.,Hayır,Bilmiyorum / Henüz belli olmadı
2775,Hasarlı Bina,GÖKSU MAH.,Hayır,Bilmiyorum / Henüz belli olmadı
2774,Hasarlı Bina,YEŞİLBAĞLAR  MAH.,Hayır,Bilmiyorum / Henüz belli olmadı
2773,Hasarlı Bina,UFUK MAH.,Hayır,Bilmiyorum / Henüz belli olmadı
2772,Hasarlı Bina,ÇANKAYA MAH.,Hayır,Bilmiyorum / Henüz belli olmadı
2771,Hasarlı Bina,GÜZELYALI MAH.,Hayır,Bilmiyorum / Henüz belli olmadı
2770,Hasarlı Bina,GÜNEŞLİ MAHALLESİ,Hayır,Bilmiyorum / Henüz belli olmadı
2769,Hasarlı Bina,ZAFERTEPE MAH.,Hayır,Bilmiyorum / Henüz belli olmadı
2768,Hasarlı Bina,Göksu Mahallesi Buca,Evet,Hafif Hasarlı
2767,Hasarlı Bina,YENİDOĞAN MAH.,Hayır,Bilmiyorum / Henüz belli olmadı
2766,Hasarlı Bina,26 AĞUSTOS MAH.,Evet,Bilmiyorum / Henüz belli olmadı
2765,Hasarlı Bina,ULUBATLI MAH.,Hayır,Bilmiyorum / Henüz belli olmadı
2764,Hasarlı Bina,MİTHATPAŞA MAH.,Hayır,Bilmiyorum / Henüz belli olmadı
2763,Hasarlı Bina,konak / kültür mahallesi,Hayır,Bilmiyorum / Henüz belli olmadı
2762,Hasarlı Bina,KILIÇREİS MAH.,Hayır,Bilmiyorum / Henüz belli olmadı
2761,Hasarlı Bina,SÜMER MAH.,Hayır,Bilmiyorum / Henüz belli olmadı
2760,Hasarlı Bina,Bayraklı / Mansuroğlu,Evet,Hasarsız
2759,Hasarlı Bina,KONAK,Evet,Hafif Hasarlı
2758,Hasarlı Bina,Bayraklı,Evet,Hafif Hasarlı
2757,Hasarlı Bina,Maltepe Mah. Güzelbahçe,Hayır,Bilmiyorum / Henüz belli olmadı
2756,Hasarlı Bina,Çiğli/ Güzeltepe Mahallesi,Hayır,Bilmiyorum / Henüz belli olmadı
2755,Hasarlı Bina,Çiğli/Ataşehir,Evet,Hafif Hasarlı
2754,Hasarlı Bina,Gaziemir ırmak mahallesi,Hayır,Bilmiyorum / Henüz belli olmadı
2753,Hasarlı Bina,izmir-bayrakli manavkuyu şehit pilot üsteğmen türker aydın sk no: 28-30 başarı 4-5-6 blokları,Evet,Hafif Hasarlı
2752,Hasarlı Bina,KARŞIYAKA,Hayır,Bilmiyorum / Henüz belli olmadı
2750,Hasarlı Bina,Şair Eşref Bulvarı,Hayır,Bilmiyorum / Henüz belli olmadı
2749,Hasarlı Bina,ATATÜRK CADDESİ KORDON,Hayır,Bilmiyorum / Henüz belli olmadı
2748,Hasarlı Bina,Buca / Yeşilbağlar Mahallersi,Evet,Hasarsız
2747,Hasarlı Bina,"Karşıyaka, Aksoy",Evet,Hasarsız
2746,Hasarlı Bina,"Bayraklı, Mansuroğlu",Evet,Hafif Hasarlı
2745,Hasarlı Bina,Mimar Sinan Mah.,Evet,Bilmiyorum / Henüz belli olmadı
2743,Hasarlı Bina,TEPEKULE MAHALLESİ,Evet,Hafif Hasarlı
2742,Hasarlı Bina,Erzene mahallesi,Evet,Hasarsız
2741,Hasarlı Bina,Konak alsancak,Evet,Bilmiyorum / Henüz belli olmadı
2740,Hasarlı Bina,BUCA İNKİLAP MAH.,Hayır,Bilmiyorum / Henüz belli olmadı
2739,Hasarlı Bina,Konak Güzelyalı,Hayır,Bilmiyorum / Henüz belli olmadı
2738,Hasarlı Bina,Buca,Evet,Hafif Hasarlı
2737,Hasarlı Bina,SOĞUKKUYU MAHALLESİ / BAYRAKLI,Evet,Hafif Hasarlı
2736,Hasarlı Bina,ergene mahallesi,Evet,Hasarsız
2735,Hasarlı Bina,bayraklı mansuroğlu,Evet,Hafif Hasarlı
2734,Hasarlı Bina,mansuroğlu,Evet,Hafif Hasarlı
2733,Hasarlı Bina,KARŞIYAKA MAHALLESİ,Evet,Bilmiyorum / Henüz belli olmadı
2732,Hasarlı Bina,KONAK ALSANCAK,Evet,Bilmiyorum / Henüz belli olmadı
2731,Hasarlı Bina,mavişehir karşıyaka,Evet,Bilmiyorum / Henüz belli olmadı
2730,Hasarlı Bina,KARŞIYAKA MAVİŞEHİR,Evet,Bilmiyorum / Henüz belli olmadı
2729,Hasarlı Bina,KARŞIYAKA GİRNE,Evet,Bilmiyorum / Henüz belli olmadı
2728,Hasarlı Bina,KARŞIYAKA MAVİŞEHİR,Evet,Bilmiyorum / Henüz belli olmadı
2727,Hasarlı Bina,KARŞIYAKA DONANMACI MAH,Evet,Bilmiyorum / Henüz belli olmadı
2726,Hasarlı Bina,Karabağlar Esenyalı mahallesi,Hayır,Bilmiyorum / Henüz belli olmadı
2725,Hasarlı Bina,Bayraklı Mansuroğlu Mahallesi,Evet,Hasarsız
2724,Hasarlı Bina,Karşıyaka / Bahçelievler Mah.,Evet,Bilmiyorum / Henüz belli olmadı
2723,Hasarlı Bina,Bayraklı Mansuroğlu Mahallesi,Evet,Hasarsız
2722,Hasarlı Bina,İZMİR,Evet,Hafif Hasarlı
2721,Hasarlı Bina,Bayraklı Mansuroğlu Mahallesi,Evet,Hasarsız
2720,Hasarlı Bina,İzmir Karşıyaka,Evet,Hafif Hasarlı
2719,Hasarlı Bina,izmir,Hayır,Bilmiyorum / Henüz belli olmadı
2718,Hasarlı Bina,Adalet,Evet,Hafif Hasarlı
2717,Hasarlı Bina,BUCA  İNKİLAP,Hayır,Bilmiyorum / Henüz belli olmadı
2716,Hasarlı Bina,Balçova fevzi çakmak mahallesi,Hayır,Bilmiyorum / Henüz belli olmadı
2715,Hasarlı Bina,İZMİR,Hayır,Bilmiyorum / Henüz belli olmadı
2714,Hasarlı Bina,KONAK,Hayır,Bilmiyorum / Henüz belli olmadı
2713,Hasarlı Bina,Narlı mahallesi,Evet,Bilmiyorum / Henüz belli olmadı
2711,Hasarlı Bina,SEFERİHİSAR / CAMİKEBİR,Hayır,Bilmiyorum / Henüz belli olmadı
2710,Hasarlı Bina,bayraklı   izmir   özel muayehane,Evet,Bilmiyorum / Henüz belli olmadı
2709,Hasarlı Bina,"Konak, Atilla mahallesi",Evet,Bilmiyorum / Henüz belli olmadı
2708,Hasarlı Bina,BAYRAKLI/MANAVKUYU,Evet,Hasarsız
2707,Hasarlı Bina,bayraklı,Evet,Hasarsız
2706,Hasarlı Bina,BİNBAŞI REŞAT BEY MAH.,Evet,Bilmiyorum / Henüz belli olmadı
2705,Hasarlı Bina,izmir bornova,Evet,Hasarsız
2704,Hasarlı Bina,Narlıdere / narlı mahallesi,Hayır,Bilmiyorum / Henüz belli olmadı
2703,Hasarlı Bina,Kahramanlar,Hayır,Bilmiyorum / Henüz belli olmadı
2702,Hasarlı Bina,konak kültür mah,Hayır,Bilmiyorum / Henüz belli olmadı
2701,Hasarlı Bina,Karşıyaka Donanmacı Mahallesi,Hayır,Bilmiyorum / Henüz belli olmadı
2700,Hasarlı Bina,Tersane Mahallesi Alaybey / Karşıyaka,Evet,Hafif Hasarlı
2699,Hasarlı Bina,Karşıyaka Tershane mah. Alaybey,Hayır,Bilmiyorum / Henüz belli olmadı
2698,Hasarlı Bina,Bayraklı/Manavkuyu,Evet,Hafif Hasarlı
2697,Hasarlı Bina,KONAK,Hayır,Bilmiyorum / Henüz belli olmadı
2696,Hasarlı Bina,"Bayraklı,manavkuyu mah",Evet,Hafif Hasarlı
2695,Hasarlı Bina,Konak /Çınarlı Mahallesi,Hayır,Bilmiyorum / Henüz belli olmadı
2694,Hasarlı Bina,Kuşadası /Ege Mahallesi,Hayır,Bilmiyorum / Henüz belli olmadı
2693,Hasarlı Bina,Karşıyaka /Ataşehir Mahallesi,Hayır,Bilmiyorum / Henüz belli olmadı
2692,Hasarlı Bina,Karşıyaka /Nergiz Mahallesi,Hayır,Bilmiyorum / Henüz belli olmadı
2691,Hasarlı Bina,Bayraklı /Mansuroğlu Mahallesi,Hayır,Bilmiyorum / Henüz belli olmadı
2690,Hasarlı Bina,Karşıyaka,Hayır,Bilmiyorum / Henüz belli olmadı
2689,Hasarlı Bina,Karşıyaka /İmbatlı Mahallesi,Hayır,Bilmiyorum / Henüz belli olmadı
2688,Hasarlı Bina,Bayraklı /Mansuroğlu Mahallesi,Hayır,Bilmiyorum / Henüz belli olmadı
2687,Hasarlı Bina,Karşıyaka /Yalı Mahallesi,Hayır,Bilmiyorum / Henüz belli olmadı
2686,Hasarlı Bina,Bayraklı ilçesi Mahsuroğlu Mahallesi,Evet,Hafif Hasarlı
2685,Hasarlı Bina,Balçova / Çetin Emeç Mahallesi,Hayır,Bilmiyorum / Henüz belli olmadı
2684,Hasarlı Bina,Konak ilçesi Barbaros Mahallesi,Hayır,Bilmiyorum / Henüz belli olmadı
2683,Hasarlı Bina,Karşıyaka /Yalı Mahallesi,Hayır,Bilmiyorum / Henüz belli olmadı
2681,Hasarlı Bina,Konak ilçesi Turgut Reis Mahallesi,Hayır,Bilmiyorum / Henüz belli olmadı
2680,Hasarlı Bina,karşıyaka,Hayır,Bilmiyorum / Henüz belli olmadı
2679,Hasarlı Bina,"Bornova,Erzene Mah.",Evet,Hafif Hasarlı
2678,Hasarlı Bina,"Bornova,Erzene Mah.",Evet,Hafif Hasarlı
2677,Hasarlı Bina,"Bornova,Erzene Mah.",Evet,Hafif Hasarlı
2676,Hasarlı Bina,Karşıyaka / Bahçelievler,Hayır,Bilmiyorum / Henüz belli olmadı
2675,Hasarlı Bina,Karşıyaka / Donanmacı Mahallesi,Evet,Hafif Hasarlı
2674,Hasarlı Bina,Bayraklı /Mansuroğlu Mahallesi,Hayır,Bilmiyorum / Henüz belli olmadı
2673,Hasarlı Bina,Bahçelievler / Karşıyaka,Evet,Orta Hasarlı
2672,Hasarlı Bina,BORNOVA İNÖNÜ MAHALLESİ,Hayır,Hafif Hasarlı
2671,Hasarlı Bina,Konak ilçesi Alsancak mahallesi,Hayır,Bilmiyorum / Henüz belli olmadı
2670,Hasarlı Bina,Bayraklı / Manavkuyu Mahallesi,Hayır,Bilmiyorum / Henüz belli olmadı
2669,Hasarlı Bina,KONAK/KÜLTÜR  MAH.,Evet,Hafif Hasarlı
2668,Hasarlı Bina,Bayraklı /Mansuroğlu Mahallesi,Hayır,Bilmiyorum / Henüz belli olmadı
2667,Hasarlı Bina,Karşıyaka / Bahariye Mahallesi,Hayır,Bilmiyorum / Henüz belli olmadı
2666,Hasarlı Bina,balçova / fevzi çakmak,Hayır,Bilmiyorum / Henüz belli olmadı
2665,Hasarlı Bina,Karşıyaka /Bostanlı,Hayır,Bilmiyorum / Henüz belli olmadı
2664,Hasarlı Bina,Manavkuyu,Evet,Hafif Hasarlı
2663,Hasarlı Bina,Konak Kültür Mahallesi,Evet,Hafif Hasarlı
2662,Hasarlı Bina,Bayraklı /Mansuroğlu Mahallesi,Hayır,Bilmiyorum / Henüz belli olmadı
2661,Hasarlı Bina,Bayraklı / Mansuroğlu Mahallesi,Hayır,Bilmiyorum / Henüz belli olmadı
2660,Hasarlı Bina,Karşıyaka / Zübeyde Hanım Mahallesi,Hayır,Bilmiyorum / Henüz belli olmadı
2659,Hasarlı Bina,Tersane Mahallesi / Karşıyaka,Hayır,Bilmiyorum / Henüz belli olmadı
2658,Hasarlı Bina,Bayraklı / Manavkuyu Mahallesi,Hayır,Bilmiyorum / Henüz belli olmadı
2657,Hasarlı Bina,Yalı Mahallesi / Karşıyaka,Hayır,Bilmiyorum / Henüz belli olmadı
2656,Hasarlı Bina,Karşıyaka / Bahariye,Hayır,Bilmiyorum / Henüz belli olmadı
2655,Hasarlı Bina,Bayraklı,Hayır,Bilmiyorum / Henüz belli olmadı
2654,Hasarlı Bina,Karşıyaka/Goncalar,Hayır,Bilmiyorum / Henüz belli olmadı
2653,Hasarlı Bina,Konak,Hayır,Bilmiyorum / Henüz belli olmadı
2652,Hasarlı Bina,Konak,Hayır,Bilmiyorum / Henüz belli olmadı
2651,Hasarlı Bina,Bayraklı / Mansuroğlu Mahallesi,Hayır,Bilmiyorum / Henüz belli olmadı
2650,Hasarlı Bina,Karşıyaka / Bahçelievler Mahallesi,Hayır,Bilmiyorum / Henüz belli olmadı
2649,Hasarlı Bina,Aksoy Mahallesi / Karşıyaka,Hayır,Bilmiyorum / Henüz belli olmadı
2648,Hasarlı Bina,KARŞIYAKA,Evet,Hasarsız
2647,Hasarlı Bina,Bornova Ergene mahallesi 550 sokak,Hayır,Orta Hasarlı
2646,Hasarlı Bina,mansuroğlu mahallesi,Evet,Hafif Hasarlı
2645,Hasarlı Bina,KARŞIYAKA ALAYBEY MAH.,Hayır,Bilmiyorum / Henüz belli olmadı
2644,Hasarlı Bina,Konak /Atilla Mahallesi,Hayır,Bilmiyorum / Henüz belli olmadı
2643,Hasarlı Bina,Karşıyaka /Fikri Altay Mahallesi,Hayır,Bilmiyorum / Henüz belli olmadı
2642,Hasarlı Bina,Karşıyaka /Tuna Mahallesi,Hayır,Bilmiyorum / Henüz belli olmadı
2641,Hasarlı Bina,"bornova, ergene mahallesi",Evet,Hasarsız
2640,Hasarlı Bina,Donanmacı Mahallesi / Karşıyaka,Hayır,Bilmiyorum / Henüz belli olmadı
2639,Hasarlı Bina,Çiğli /İnönü Mahallesi,Hayır,Bilmiyorum / Henüz belli olmadı
2638,Hasarlı Bina,Aksoy Mahallesi / Karşıyaka,Hayır,Bilmiyorum / Henüz belli olmadı
2637,Hasarlı Bina,Konak /Göztepe Mahallesi,Hayır,Bilmiyorum / Henüz belli olmadı
2636,Hasarlı Bina,Yalı Mahallesi / Karşıyaka,Hayır,Bilmiyorum / Henüz belli olmadı
2635,Hasarlı Bina,Bahçelievler Mahallesi / Karşıyaka,Hayır,Bilmiyorum / Henüz belli olmadı
2634,Hasarlı Bina,Evka-3 Mahallesi / Bornova,Hayır,Bilmiyorum / Henüz belli olmadı
2633,Hasarlı Bina,Karşıyaka /Donanmacı Mahallesi,Hayır,Bilmiyorum / Henüz belli olmadı
2632,Hasarlı Bina,Çınarlı Mahallesi / Konak,Hayır,Bilmiyorum / Henüz belli olmadı
2631,Hasarlı Bina,Karşıyaka /Bahçelievler,Hayır,Bilmiyorum / Henüz belli olmadı
2630,Hasarlı Bina,Mansuroğlu Mahallesi / Bayraklı,Hayır,Bilmiyorum / Henüz belli olmadı
2629,Hasarlı Bina,Konak,Hayır,Bilmiyorum / Henüz belli olmadı
2628,Hasarlı Bina,Mansuroğlu Mahallesi / Bayraklı,Hayır,Bilmiyorum / Henüz belli olmadı
2627,Hasarlı Bina,Tersane Mahallesi / Karşıyaka,Hayır,Bilmiyorum / Henüz belli olmadı
2626,Hasarlı Bina,Konak / Kılıç Reis Mahallesi,Hayır,Bilmiyorum / Henüz belli olmadı
2625,Hasarlı Bina,Karşıyaka,Hayır,Bilmiyorum / Henüz belli olmadı
2624,Hasarlı Bina,Karşıyaka / Goncalar Mahallesi,Hayır,Bilmiyorum / Henüz belli olmadı
2623,Hasarlı Bina,Bayraklı/Manavkuyu Mahallesi,Evet,Hasarsız
2622,Hasarlı Bina,"Menderes, Gümüldür",Evet,Orta Hasarlı
2621,Hasarlı Bina,Bornova / Erzene Mahallesi,Evet,Hasarsız
2620,Hasarlı Bina,Karabağlar Üçkuyular Mahallesi,Hayır,Bilmiyorum / Henüz belli olmadı
2619,Hasarlı Bina,izmir bornova,Evet,Hasarsız
2618,Hasarlı Bina,izmir bornova,Evet,Hasarsız
2617,Hasarlı Bina,Manavkuyu mah bayraklı,Evet,Bilmiyorum / Henüz belli olmadı
2616,Hasarlı Bina,Bornova/ Erzene Mahallesi,Evet,Hasarsız
2615,Hasarlı Bina,Karabağlar Üçkuyular Mahallesi,Hayır,Bilmiyorum / Henüz belli olmadı
2614,Hasarlı Bina,"Menemen, Ulukent, 30 Ağustos Mahallesi",Hayır,Bilmiyorum / Henüz belli olmadı
2613,Hasarlı Bina,Bayraklı / Mansuroğlu mah.,Hayır,Bilmiyorum / Henüz belli olmadı
2612,Hasarlı Bina,Karşıyaka / Bostanlı mah.,Hayır,Bilmiyorum / Henüz belli olmadı
2611,Hasarlı Bina,Bayraklı / Osmangazi mah.,Hayır,Bilmiyorum / Henüz belli olmadı
2610,Hasarlı Bina,Menderes / Gazipaşa mah.,Hayır,Bilmiyorum / Henüz belli olmadı
2609,Hasarlı Bina,bornova-pınarbaşı-kemalpaşa mahallesi,Hayır,Bilmiyorum / Henüz belli olmadı
2608,Hasarlı Bina,Bayraklı / Manavkuyu mah.,Hayır,Bilmiyorum / Henüz belli olmadı
2607,Hasarlı Bina,Bornova / Mansuroğlu mah.,Hayır,Bilmiyorum / Henüz belli olmadı
2606,Hasarlı Bina,Konak / Çınarlı mahallesi,Hayır,Bilmiyorum / Henüz belli olmadı
2605,Hasarlı Bina,Karşıyaka / Bostanlı mah.,Hayır,Bilmiyorum / Henüz belli olmadı
2604,Hasarlı Bina,Bayraklı / Bayraklı,Evet,Hasarsız
2603,Hasarlı Bina,Konak / Göztepe mahallesi,Hayır,Bilmiyorum / Henüz belli olmadı
2602,Hasarlı Bina,Seferihisar / Camikebir mah.,Hayır,Bilmiyorum / Henüz belli olmadı
2601,Hasarlı Bina,Karşıyaka / Şemikler mahallesi,Hayır,Bilmiyorum / Henüz belli olmadı
2600,Hasarlı Bina,Karşıyaka / Bostanlı mah.,Hayır,Bilmiyorum / Henüz belli olmadı
2599,Hasarlı Bina,Bornova / Erzene Mahallesi,Hayır,Bilmiyorum / Henüz belli olmadı
2598,Hasarlı Bina,Konak / Alsancak mahallesi,Hayır,Bilmiyorum / Henüz belli olmadı
2597,Hasarlı Bina,Bayraklı Mansuroğlu mah.,Evet,Hafif Hasarlı
2596,Hasarlı Bina,Konak / Akın Simav Mahallesi,Hayır,Bilmiyorum / Henüz belli olmadı
2595,Hasarlı Bina,Bayraklı / Manavkuyu mah.,Hayır,Bilmiyorum / Henüz belli olmadı
2594,Hasarlı Bina,Karşıyaka / Dedebaşı mah.,Hayır,Bilmiyorum / Henüz belli olmadı
2593,Hasarlı Bina,Bayraklı / Soğukkuyu mahallesi,Hayır,Bilmiyorum / Henüz belli olmadı
2592,Hasarlı Bina,Konak / Mehmet Ali Akman Mahallesi,Evet,Hafif Hasarlı
2591,Hasarlı Bina,Karşıyaka / Yalı mah.,Hayır,Bilmiyorum / Henüz belli olmadı
2590,Hasarlı Bina,Karşıyaka / Demirköprü mah.,Hayır,Bilmiyorum / Henüz belli olmadı
2589,Hasarlı Bina,Bayraklı / Soğukkuyu mahallesi,Hayır,Bilmiyorum / Henüz belli olmadı
2588,Hasarlı Bina,İzmir Bayraklı soğukkuyu mahallesi,Evet,Hafif Hasarlı
2587,Hasarlı Bina,MAVİŞEHİR,Evet,Bilmiyorum / Henüz belli olmadı
2586,Hasarlı Bina,Karabağlar / Şehitler mahallesi,Hayır,Bilmiyorum / Henüz belli olmadı
2585,Hasarlı Bina,Karşıyaka/Donanmacı mahallesi,Evet,Hafif Hasarlı
2584,Hasarlı Bina,Konak / Kemal Reis mahallesi,Hayır,Bilmiyorum / Henüz belli olmadı
2583,Hasarlı Bina,Buca / Hürriyet mahallesi,Hayır,Bilmiyorum / Henüz belli olmadı
2582,Hasarlı Bina,Bornova/Erzene,Evet,Bilmiyorum / Henüz belli olmadı
2581,Hasarlı Bina,Aliağa / Kurtuluş mahallesi,Hayır,Bilmiyorum / Henüz belli olmadı
2580,Hasarlı Bina,Torbalı / Ertuğrul mahallesi,Hayır,Bilmiyorum / Henüz belli olmadı
2579,Hasarlı Bina,Urla / M. Fevzi çakmak mahallesi,Hayır,Bilmiyorum / Henüz belli olmadı
2578,Hasarlı Bina,Karşıyaka / Tersane mahallesi,Hayır,Bilmiyorum / Henüz belli olmadı
2577,Hasarlı Bina,Bayrakli,Evet,Hasarsız
2576,Hasarlı Bina,Karşıyaka İmbatlı Mahallesi,Evet,Hasarsız
2575,Hasarlı Bina,Bayraklı Adalet Mahallesi,Evet,Hafif Hasarlı
2574,Hasarlı Bina,KONAK,Hayır,Bilmiyorum / Henüz belli olmadı
2573,Hasarlı Bina,Bayraklı / Mansuroğlu,Evet,Hasarsız
2572,Hasarlı Bina,karaşıyaka Mavişehir mah.,Evet,Hafif Hasarlı
2571,Hasarlı Bina,Manavkuyu,Evet,Hasarsız
2570,Hasarlı Bina,Bayraklı,Evet,Hasarsız
2569,Hasarlı Bina,Manavkuyu,Evet,Bilmiyorum / Henüz belli olmadı
2568,Hasarlı Bina,KARŞIYAKA / TERSANE,Evet,Hasarsız
2567,Hasarlı Bina,izmir,Hayır,Bilmiyorum / Henüz belli olmadı
2566,Hasarlı Bina,Konak / Alsancak,Hayır,Bilmiyorum / Henüz belli olmadı
2565,Hasarlı Bina,Balçova Teleferik mahallesi,Hayır,Bilmiyorum / Henüz belli olmadı
2564,Hasarlı Bina,BAYRAKLI -iZMiR,Evet,Hasarsız
2563,Hasarlı Bina,Izmir/Üçkuyular Mah.,Hayır,Bilmiyorum / Henüz belli olmadı
2562,Hasarlı Bina,Izmir,Hayır,Bilmiyorum / Henüz belli olmadı
2561,Hasarlı Bina,Konak,Hayır,Bilmiyorum / Henüz belli olmadı
2560,Hasarlı Bina,Dedebaşı Mahallesi,Hayır,Bilmiyorum / Henüz belli olmadı
2559,Hasarlı Bina,Üçyol,Hayır,Bilmiyorum / Henüz belli olmadı
2558,Hasarlı Bina,Buca,Hayır,Bilmiyorum / Henüz belli olmadı
2557,Hasarlı Bina,Çiğli,Hayır,Bilmiyorum / Henüz belli olmadı
2556,Hasarlı Bina,Karşıyaka / Donanmacı mah.,Hayır,Bilmiyorum / Henüz belli olmadı
2555,Hasarlı Bina,Karşıyaka,Hayır,Bilmiyorum / Henüz belli olmadı
2554,Hasarlı Bina,İzmir,Hayır,Bilmiyorum / Henüz belli olmadı
2553,Hasarlı Bina,Konak - Çankaya,Hayır,Bilmiyorum / Henüz belli olmadı
2552,Hasarlı Bina,Bornova / Yeşilova mah.,Hayır,Bilmiyorum / Henüz belli olmadı
2551,Hasarlı Bina,Bornova,Hayır,Bilmiyorum / Henüz belli olmadı
2550,Hasarlı Bina,Karşıyaka / Aksoy mah.,Hayır,Bilmiyorum / Henüz belli olmadı
2549,Hasarlı Bina,Karşıyaka - Dedebaşı,Hayır,Bilmiyorum / Henüz belli olmadı
2548,Hasarlı Bina,Konak,Hayır,Bilmiyorum / Henüz belli olmadı
2547,Hasarlı Bina,Karabağlar,Hayır,Bilmiyorum / Henüz belli olmadı
2546,Hasarlı Bina,kılıçreis mahallesi üçyol konak izmir,Hayır,Bilmiyorum / Henüz belli olmadı
2545,Hasarlı Bina,Konak,Hayır,Bilmiyorum / Henüz belli olmadı
2544,Hasarlı Bina,Alsancak Konak,Hayır,Bilmiyorum / Henüz belli olmadı
2543,Hasarlı Bina,Bayraklı,Hayır,Bilmiyorum / Henüz belli olmadı
2542,Hasarlı Bina,Ege Üniversitesi Kampüsü,Hayır,Bilmiyorum / Henüz belli olmadı
2541,Hasarlı Bina,Karşıyaka / Nergis mah.,Hayır,Bilmiyorum / Henüz belli olmadı
2540,Hasarlı Bina,Buca yenigun mahallesi altinyol sitesi,Hayır,Bilmiyorum / Henüz belli olmadı
2539,Hasarlı Bina,Karsiyaka İzmir,Hayır,Bilmiyorum / Henüz belli olmadı
2538,Hasarlı Bina,Bayraklı / Osmangazi mah.,Hayır,Bilmiyorum / Henüz belli olmadı
2537,Hasarlı Bina,Karşıyaka Fikri Altay Mah.,Hayır,Bilmiyorum / Henüz belli olmadı
2536,Hasarlı Bina,Erzene Mahallesi Bornova,Hayır,Bilmiyorum / Henüz belli olmadı
2535,Hasarlı Bina,Eğitim mahallesi,Hayır,Bilmiyorum / Henüz belli olmadı
2534,Hasarlı Bina,Karşıyaka / Yalı mah.,Hayır,Bilmiyorum / Henüz belli olmadı
2533,Hasarlı Bina,Bornova / Kazımdirik mahallesi,Hayır,Bilmiyorum / Henüz belli olmadı
2532,Hasarlı Bina,Karşıyaka / Şemikler mah.,Hayır,Bilmiyorum / Henüz belli olmadı
2531,Hasarlı Bina,Karşıyaka / Şemikler mahallesi,Hayır,Bilmiyorum / Henüz belli olmadı
2530,Hasarlı Bina,Bayraklı / Mansuroğlu mahallesi,Hayır,Bilmiyorum / Henüz belli olmadı
2529,Hasarlı Bina,Çİğli / Ataşehir mah.,Hayır,Bilmiyorum / Henüz belli olmadı
2528,Hasarlı Bina,Karabağlar / Üçkuyular mahallesi,Hayır,Bilmiyorum / Henüz belli olmadı
2527,Hasarlı Bina,Karabağlar / Ali Fuat Cebesoy mahallesi,Hayır,Bilmiyorum / Henüz belli olmadı
2526,Hasarlı Bina,Buca / Dumlupınar mah.,Hayır,Bilmiyorum / Henüz belli olmadı
2525,Hasarlı Bina,Bayraklı / Mansuroğlu mah.,Hayır,Bilmiyorum / Henüz belli olmadı
2524,Hasarlı Bina,Bornova / Kazımdirik mahallesi,Hayır,Bilmiyorum / Henüz belli olmadı
2523,Hasarlı Bina,Kuşadası / Cumhuriyet Mahallesi,Hayır,Bilmiyorum / Henüz belli olmadı
2522,Hasarlı Bina,Karşıyaka / Bostanlı mah.,Hayır,Bilmiyorum / Henüz belli olmadı
2521,Hasarlı Bina,Konak / Göztepe mah.,Hayır,Bilmiyorum / Henüz belli olmadı
2520,Hasarlı Bina,Karşıyaka / Donanmacı mahallesi,Hayır,Bilmiyorum / Henüz belli olmadı
2519,Hasarlı Bina,Bornova / Erzene mahallesi,Hayır,Bilmiyorum / Henüz belli olmadı
2518,Hasarlı Bina,Bornova / Işıklar mahallesi,Hayır,Bilmiyorum / Henüz belli olmadı
2517,Hasarlı Bina,Konak / İsmet kaptan mahallesi,Hayır,Bilmiyorum / Henüz belli olmadı
2516,Hasarlı Bina,Bayraklı/Soğukkuyu,Evet,Hafif Hasarlı
2515,Hasarlı Bina,Karşıyaka / Girne bulvarı,Hayır,Bilmiyorum / Henüz belli olmadı
2514,Hasarlı Bina,Bayraklı / Çiçek mahallesi,Hayır,Bilmiyorum / Henüz belli olmadı
2513,Hasarlı Bina,Bayraklı / Mnsuroğlu mahallesi,Hayır,Bilmiyorum / Henüz belli olmadı
2512,Hasarlı Bina,Bayraklı,Evet,Hasarsız
2511,Hasarlı Bina,Karşıyaka/ Bahçelievler Mahallesi,Hayır,Bilmiyorum / Henüz belli olmadı
2510,Hasarlı Bina,Bornova / Tuna Mahallesi,Evet,Hasarsız
2509,Hasarlı Bina,Bornova / Alsancak,Hayır,Bilmiyorum / Henüz belli olmadı
2508,Hasarlı Bina,Konak,Evet,
2507,Hasarlı Bina,Şemikler Mahallesi  Karşıyaka/İzmir,Evet,
2506,Hasarlı Bina,Gaziemir,Evet,
2505,Hasarlı Bina,Manavkuyu mah.,Evet,
2504,Hasarlı Bina,Bornova,Evet,
2503,Hasarlı Bina,Çiğli,Evet,
2502,Hasarlı Bina,Bayraklı,Evet,
2501,Hasarlı Bina,Mermerli Mah. Menemen,Evet,
2500,Hasarlı Bina,Bayraklı,Evet,
2499,Hasarlı Bina,Karşıyaka /Goncalar Mahallesi,Evet,
2498,Hasarlı Bina,Bayraklı,Evet,
2497,Hasarlı Bina,Kemalpaşa /Soğukpınar Mahallesi,Evet,
2496,Hasarlı Bina,Karşıyaka,Evet,
2495,Hasarlı Bina,Bayraklı /Adalet Mahallesi,Evet,
2494,Hasarlı Bina,Onur mahallesi balçova izmir,Evet,
2493,Hasarlı Bina,Bornova /Kazımdirik Mahallesi,Evet,
2492,Hasarlı Bina,Bayraklı,Evet,
2491,Hasarlı Bina,Bayraklı,Evet,
2490,Hasarlı Bina,Bornova /Erzene Mahallesi,Evet,
2489,Hasarlı Bina,Buca Fırat Mahallesi,Evet,
2488,Hasarlı Bina,Buca,Evet,
2487,Hasarlı Bina,Bornova /Mevlana Mahallesi,Evet,
2486,Hasarlı Bina,Bostanlı mahallesi,Evet,
2485,Hasarlı Bina,Manavkuyu Mahallesi - Bayraklı,Evet,
2484,Hasarlı Bina,Bostanlı - Karşıyaka,Evet,
2483,Hasarlı Bina,Kazımdirik Mah. Bornova/İzmir,Evet,
2482,Hasarlı Bina,Karşıyaka - Tersane,Evet,
2481,Hasarlı Bina,Esenyalı Mahallesi Karabağlar / İzmir,Evet,
2480,Hasarlı Bina,Karşıyaka,Evet,
2479,Hasarlı Bina,Nergiz Mahallesi,Evet,
2478,Hasarlı Bina,Şemikler Mahallesi  Karşıyaka/İzmir,Evet,
2477,Hasarlı Bina,Kazımdirik Mahallesi Bornova,Evet,
2476,Hasarlı Bina,Karabağlar Çalıkuşu mh,Evet,
2475,Hasarlı Bina,Izmir,Evet,
2474,Hasarlı Bina,Buca,Evet,
2473,Hasarlı Bina,Bayraklı,Evet,
2472,Hasarlı Bina,Torbalı Mahallesi,Evet,
2471,Hasarlı Bina,Mavişehir,Evet,
2470,Hasarlı Bina,Bayraklı manavkuyu mahallesi,Evet,
2469,Hasarlı Bina,Bornova,Evet,
2468,Hasarlı Bina,Karşıyaka,Evet,
2467,Hasarlı Bina,Gaziemir,Evet,
2466,Hasarlı Bina,Mansuroğlu Bayraklı,Evet,
2465,Hasarlı Bina,Evka 5 - Çiğli,Evet,
2464,Hasarlı Bina,Narlıdere Huzur Mahallesi,Evet,
2463,Hasarlı Bina,Bornova,Evet,
2462,Hasarlı Bina,Bornova Yeşilova Mah,Evet,
2461,Hasarlı Bina,Bayraklı,Evet,
2460,Hasarlı Bina,Karşıyaka,Evet,
2459,Hasarlı Bina,"Bornova,KIZILAY",Evet,
2458,Hasarlı Bina,"Bayraklı,Bayraklı Mahallesi",Evet,
2457,Hasarlı Bina,"belirsiz ilçe ,",Evet,
2456,Hasarlı Bina,"belirsiz ilçe ,",Evet,
2455,Hasarlı Bina,"Bornova,MEVLANA",Evet,
2454,Hasarlı Bina,"Bayraklı,Manavkuyu",Evet,
2453,Hasarlı Bina,"Bayraklı,",Evet,
2452,Hasarlı Bina,"Karşıyaka,SOĞUKKUYU",Evet,
2450,Hasarlı Bina,Konak,Evet,
2451,Hasarlı Bina,"Alsancak,MİMAR SİNAN",Evet,
2449,Hasarlı Bina,"Karşıyaka,Yalı Mahallesi",Evet,
2448,Hasarlı Bina,"Bayraklı,Manavkuyu Mahallesi",Evet,
2447,Hasarlı Bina,",",Evet,
2446,Hasarlı Bina,"Bornova,",Evet,
2445,Hasarlı Bina,"Buca,Seyhan",Evet,
2444,Hasarlı Bina,"Konak,ALSANCAK",Evet,
2443,Hasarlı Bina,"Konak,ALSANCAK",Evet,
2442,Hasarlı Bina,"Karşıyaka,",Evet,
2441,Hasarlı Bina,"Balçova,EĞİTİM",Evet,
2440,Hasarlı Bina,"Konak,",Evet,
2439,Hasarlı Bina,"Konak,CUMHURİYET BULVARI",Evet,
2438,Hasarlı Bina,"Konak,KÜLTÜR",Evet,
2437,Hasarlı Bina,"Çiğli,ATAŞEHİR",Evet,
2436,Hasarlı Bina,"Karşıyaka,Yalı Mahallesi",Evet,
2435,Hasarlı Bina,"Bornova,Ergene Mahallesi",Evet,
2433,Hasarlı Bina,"Konak,",Evet,
2434,Hasarlı Bina,Bornova /Kızılay Mahallesi,Evet,
2432,Hasarlı Bina,"Konak,Mustafa Enver Bey",Evet,
2431,Hasarlı Bina,"Karşıyaka,",Evet,
2430,Hasarlı Bina,"Konak,",Evet,
2429,Hasarlı Bina,"Konak,",Evet,
2428,Hasarlı Bina,"Konak,",Evet,
2427,Hasarlı Bina,"Konak,Kültür",Evet,
2426,Hasarlı Bina,"Konak,Kültür",Evet,
2425,Hasarlı Bina,"Konak,",Evet,
2424,Hasarlı Bina,"Konak,",Evet,
2423,Hasarlı Bina,"Konak,Mimar Sinan",Evet,
2422,Hasarlı Bina,"Konak,Mimar Sinan",Evet,
2421,Hasarlı Bina,"Bornova,Ergene",Evet,
2420,Hasarlı Bina,"Bornova,Evka 4",Evet,
2419,Hasarlı Bina,"Bayraklı,Manavkuyu",Evet,
2418,Hasarlı Bina,"Konak,KAHRAMANLAR",Evet,
2417,Hasarlı Bina,"Karşıyaka,BAHARİYE",Evet,
2416,Hasarlı Bina,"Karşıyaka,İmbatlı",Evet,
2415,Hasarlı Bina,"Balçova,FEVZİ ÇAKMAK",Evet,
2414,Hasarlı Bina,"Alsancak,MİMAR SİNAN",Evet,
2413,Hasarlı Bina,",Fahrettin Altay",Evet,
2412,Hasarlı Bina,",Fahrettin Altay",Evet,
2411,Hasarlı Bina,"Konak,KAHRAMANLAR",Evet,
2410,Hasarlı Bina,",Fahrettin Altay",Evet,
2409,Hasarlı Bina,",Üçkuyular Mah.",Evet,
2408,Hasarlı Bina,",Fahrettin altay",Evet,
2407,Hasarlı Bina,"Bornova,Yeşilova",Evet,
2406,Hasarlı Bina,"Bornova Çamdibi,Barbaros",Evet,
2405,Hasarlı Bina,"Karşıyaka,Nergiz",Evet,
2404,Hasarlı Bina,"Konak,İsmet Kaptan Mahallesi",Evet,
2403,Hasarlı Bina,"Konak,Mimar Sinan Mahallesi",Evet,
2402,Hasarlı Bina,"Konak,Mimar Sinan Mahallesi",Evet,
2401,Hasarlı Bina,"Karşıyaka,Bahriye Üçok",Evet,
2400,Hasarlı Bina,"Buca,Çamlıkule Mahallesi",Evet,
2399,Hasarlı Bina,"Alsancak,KÜLTÜR",Evet,
2398,Hasarlı Bina,"Bornova,Kazım Dirik",Evet,
2397,Hasarlı Bina,"Alsancak,Mimar Sİnan Mahallesi",Evet,
2396,Hasarlı Bina,"Bayraklı,Adalet Mahallesi",Evet,
2395,Hasarlı Bina,"Narlıdere,Yenikale",Evet,
2394,Hasarlı Bina,"Bayraklı,Soğukkuyu",Evet,
2393,Hasarlı Bina,"Karabağlar,BASIN SİTESİ",Evet,
2391,Hasarlı Bina,"Çiğli,Ataşehir",Evet,
2392,Hasarlı Bina,"Bayraklı,",Evet,
2390,Hasarlı Bina,"Bornova,Erzene",Evet,
2389,Hasarlı Bina,"Bayraklı,Manavkuyu",Evet,
2388,Hasarlı Bina,"Güzelbahçe,MUSTAFA KEMAL PAŞA",Evet,
2387,Hasarlı Bina,"Çiğli,AHMET TANER KIŞLALI",Evet,
2386,Hasarlı Bina,"Bayraklı,Adalet",Evet,
2385,Hasarlı Bina,"Bayraklı,Mansuroğlu",Evet,
2384,Hasarlı Bina,"Bayraklı,",Evet,
2382,Hasarlı Bina,"Bayraklı,Soğukkuyu",Evet,
2383,Hasarlı Bina,"Bayraklı,Manavkuyu",Evet,
2381,Hasarlı Bina,"Gaziemir,GAZİ",Evet,
2380,Hasarlı Bina,"Karabağlar,ALİ FUAT CEBESOY",Evet,
2379,Hasarlı Bina,"Karşıyaka,Nergiz",Evet,
2378,Hasarlı Bina,"Karşıyaka,Alaybey",Evet,
2376,Hasarlı Bina,"Buca,Efeler",Evet,
2377,Hasarlı Bina,"Buca,Kozağaç",Evet,
2375,Hasarlı Bina,"Karşıyaka,ALAYBEY",Evet,
2374,Hasarlı Bina,"Buca,Kozağaç",Evet,
2373,Hasarlı Bina,"Buca,Menderes",Evet,
2372,Hasarlı Bina,"Buca,Göksu",Evet,
2371,Hasarlı Bina,"Buca,Yeşilbağlar",Evet,
2370,Hasarlı Bina,"Buca,Ufuk",Evet,
2369,Hasarlı Bina,"Bayraklı,Mansuroğlu Mahallesi",Evet,
2367,Hasarlı Bina,"Konak,Güzelyalı",Evet,
2368,Hasarlı Bina,"Konak,Çankaya",Evet,
2366,Hasarlı Bina,"Konak,Güneşli",Evet,
2365,Hasarlı Bina,"Konak,Zafertepe",Evet,
2364,Hasarlı Bina,"Konak,Yenidoğan",Evet,
2363,Hasarlı Bina,"Konak,44069",Evet,
2361,Hasarlı Bina,"Konak,MİTHATPAŞA",Evet,
2362,Hasarlı Bina,"Konak,ULUBATLI",Evet,
2360,Hasarlı Bina,"Konak,KILIÇREİS",Evet,
2359,Hasarlı Bina,"Konak,ALSANCAK",Evet,
2358,Hasarlı Bina,"Bornova,ERZENE",Evet,
2357,Hasarlı Bina,"Bayraklı,Mansuroğlu Mahallesi",Evet,
2355,Hasarlı Bina,"Konak,SÜMER",Evet,
2356,Hasarlı Bina,"Karşıyaka,Goncalar",Evet,
2354,Hasarlı Bina,"Torbalı,ERTUĞRUL",Evet,
2353,Hasarlı Bina,"Buca,EFELER",Evet,
2352,Hasarlı Bina,"Konak,",Evet,
2350,Hasarlı Bina,"Bayraklı,Mansuroğlu Mahallesi",Evet,
2351,Hasarlı Bina,"Karşıyaka,Goncalar",Evet,
2349,Hasarlı Bina,"Konak ,BAHRİYE",Evet,
2348,Hasarlı Bina,"Konak,YENİŞEHİR",Evet,
2346,Hasarlı Bina,"Bayraklı ,Mansuroğlu Mahallesi",Evet,
2347,Hasarlı Bina,"Karabağlar,Esenyalı Mahallesi",Evet,
2345,Hasarlı Bina,"Bayraklı ,MANSUROĞLU",Evet,
2344,Hasarlı Bina,"Bayraklı ,MANSUROĞLU",Evet,
2342,Hasarlı Bina,"Bayraklı ,",Evet,
2343,Hasarlı Bina,"Karşıyaka ,Yalı Mahallesi",Evet,
2341,Hasarlı Bina,"Konak ,",Evet,
2340,Hasarlı Bina,"Konak ,HATAY",Evet,
2338,Hasarlı Bina,"Bayraklı ,Mansuroğlu Mahallesi",Evet,
2339,Hasarlı Bina,"Bayraklı ,Mansuroğlu Mahallesi",Evet,
2337,Hasarlı Bina,"Konak ,ALSANCAK",Evet,
2336,Hasarlı Bina,"Bornova,KAZIMDİRİK",Evet,
2334,Hasarlı Bina,"Karşıyaka ,Bahariye",Evet,
2335,Hasarlı Bina,"Karşıyaka ,BAHRİYE ÜÇOK Mahallesi",Evet,
2333,Hasarlı Bina,"Karşıyaka ,SOĞUKKUYU GİRNE",Evet,
2331,Hasarlı Bina,"Bayraklı ,OSMANGAZİ Mahallesi",Evet,
2332,Hasarlı Bina,#REF!,Evet,
2330,Hasarlı Bina,"Bornova,Yeşilova Mahallesi",Evet,
2329,Hasarlı Bina,"Bostanlı ,",Evet,
2327,Hasarlı Bina,"Bayraklı ,Adalet Mahallesi",Evet,
2328,Hasarlı Bina,#REF!,Evet,
2326,Hasarlı Bina,"Çiğli,BALATÇIK",Evet,
2325,Hasarlı Bina,"Bayraklı ,Adalet Mahallesi",Evet,
2323,Hasarlı Bina,"Bayraklı ,Manavkuyu Mahallesi",Evet,
2324,Hasarlı Bina,"Bayraklı,Mansuroğlu Mahallesi",Evet,
2322,Hasarlı Bina,"Konak,",Evet,
2320,Hasarlı Bina,"Konak,Güzelyalı Mahallesi",Evet,
2321,Hasarlı Bina,#REF!,Evet,
2319,Hasarlı Bina,"Bayraklı ,OSMANGAZİ Mahallesi",Evet,
2317,Hasarlı Bina,"Bayraklı ,Manavkuyu Mahallesi",Evet,
2318,Hasarlı Bina,"Bornova,MEVLANA",Evet,
2316,Hasarlı Bina,"Bayraklı ,OSMANGAZİ Mahallesi",Evet,
2314,Hasarlı Bina,"Karşıyaka,DEDEBAŞI",Evet,
2315,Hasarlı Bina,"Bornova,KAZIMDİRİK",Evet,
2313,Hasarlı Bina,"Bayraklı ,ADALET",Evet,
2311,Hasarlı Bina,"Bayraklı ,MANSUROĞLU",Evet,
2312,Hasarlı Bina,"Bornova,ERGENE Mahallesi",Evet,
2310,Hasarlı Bina,"Bayraklı ,Manavkuyu Mahallesi",Evet,
2308,Hasarlı Bina,"Bornova,Kazım Dirik Mahallesi",Evet,
2309,Hasarlı Bina,"Bayraklı,Manavkuyu Mahallesi",Evet,
2306,Hasarlı Bina,"Bayraklı,Mansuroğlu Mahallesi",Evet,
2307,Hasarlı Bina,"Konak,Güzelyalı Mahallesi",Evet,
2305,Hasarlı Bina,"Bayraklı,Mansuroğlu Mahallesi",Evet,
2303,Hasarlı Bina,"Bornova,ERGENE Mahallesi",Evet,
2304,Hasarlı Bina,"Bornova,ERGENE Mahallesi",Evet,
2301,Hasarlı Bina,"Bayraklı,Manavkuyu Mahallesi",Evet,
2302,Hasarlı Bina,"Bayraklı,Manavkuyu Mahallesi",Evet,
2300,Hasarlı Bina,"Bornova,Kazım Dirik Mahallesi",Evet,
2298,Hasarlı Bina,"Bornova,MEVLANA",Evet,
2299,Hasarlı Bina,"Bornova,KAZIMDİRİK",Evet,
2296,Hasarlı Bina,"Karşıyaka,ALAYBEY",Evet,
2297,Hasarlı Bina,"Bayraklı,Adalet Mahallesi",Evet,
2294,Hasarlı Bina,"Konak,Göztepe Mahallesi",Evet,
2295,Hasarlı Bina,"Bayraklı,Manavkuyu Mahallesi",Evet,
2293,Hasarlı Bina,"Karşıyaka,GONCALAR MH.",Evet,
2291,Hasarlı Bina,"Bayraklı,Manavkuyu Mahallesi",Evet,
2292,Hasarlı Bina,"Bayraklı,Manavkuyu Mahallesi",Evet,
2289,Hasarlı Bina,"Bornova,Mansuroğlu Mahallesi",Evet,
2290,Hasarlı Bina,"Karşıyaka,TERSHANE",Evet,
2287,Hasarlı Bina,"Bornova,EVKA 3",Evet,
2288,Hasarlı Bina,"Bornova,Kazım Dirik Mahallesi",Evet,
2286,Hasarlı Bina,"Bayraklı,Tepekule Mahallesi",Evet,
2284,Hasarlı Bina,"Bornova,Kazım Dirik Mahallesi",Evet,
2285,Hasarlı Bina,"Bornova,Ergene Mahallesi",Evet,
2282,Hasarlı Bina,"Bayraklı,OSMANGAZİ Mahallesi",Evet,
2283,Hasarlı Bina,"Bornova,",Evet,
2280,Hasarlı Bina,#REF!,Evet,
2281,Hasarlı Bina,"Bayraklı,OSMANGAZİ Mahallesi",Evet,
2278,Hasarlı Bina,"Gaziemir,ATIFBEY",Evet,
2279,Hasarlı Bina,#REF!,Evet,
2276,Hasarlı Bina,"Bayraklı,Mansuroğlu Mahallesi",Evet,
2277,Hasarlı Bina,"Bayraklı,Manavkuyu Mahallesi",Evet,
2274,Hasarlı Bina,"Bayraklı,Manavkuyu Mahallesi",Evet,
2275,Hasarlı Bina,"Bornova,Ergene Mahallesi",Evet,
2273,Hasarlı Bina,"Bornova,Kazım Dirik Mahallesi",Evet,
2271,Hasarlı Bina,"Bornova,Ergene Mahallesi",Evet,
2272,Hasarlı Bina,"Bayraklı,Manavkuyu Mahallesi",Evet,
2269,Hasarlı Bina,"Bornova,Kazım Dirik Mahallesi",Evet,
2270,Hasarlı Bina,"Bayraklı,OSMANGAZİ Mahallesi",Evet,
2267,Hasarlı Bina,"Bayraklı,Manavkuyu Mahallesi",Evet,
2268,Hasarlı Bina,"Bornova,MEVLANA",Evet,
2264,Hasarlı Bina,"Bayraklı,Mansuroğlu Mahallesi",Evet,
2265,Hasarlı Bina,"Bornova,Kazım Dirik Mahallesi",Evet,
2266,Hasarlı Bina,"Bayraklı,Tepekule Mahallesi",Evet,
2262,Hasarlı Bina,"Bayraklı,Mansuroğlu Mahallesi",Evet,
2263,Hasarlı Bina,"Bayraklı,Mansuroğlu Mahallesi",Evet,
2260,Hasarlı Bina,"Bayraklı,Manavkuyu Mahallesi",Evet,
2261,Hasarlı Bina,"Bornova,ERZENE",Evet,
2258,Hasarlı Bina,"Çiğli,ATAŞEHİR",Evet,
2259,Hasarlı Bina,"Bayraklı,Adalet Mahallesi",Evet,
2256,Hasarlı Bina,"Bayraklı,Adalet Mahallesi",Evet,
2257,Hasarlı Bina,"Bayraklı,Mansuroğlu Mahallesi",Evet,
2253,Hasarlı Bina,"Bayraklı,Adalet Mahallesi",Evet,
2254,Hasarlı Bina,"Karşıyaka,GONCALAR",Evet,
2255,Hasarlı Bina,"Bayraklı,Mansuroğlu Mahallesi",Evet,
2251,Hasarlı Bina,"Bayraklı,Adalet Mahallesi",Evet,
2252,Hasarlı Bina,"Karşıyaka,GONCALAR",Evet,
2249,Hasarlı Bina,"Bayraklı,Manavkuyu Mahallesi",Evet,
2250,Hasarlı Bina,"Bayraklı,ÇAMKIRAN",Evet,
2246,Hasarlı Bina,"Bayraklı,Manavkuyu Mahallesi",Evet,
2247,Hasarlı Bina,"Bayraklı,Adalet Mahallesi",Evet,
2248,Hasarlı Bina,"Bayraklı,Mansuroğlu Mahallesi",Evet,
2244,Hasarlı Bina,"Bornova,ERZENE",Evet,
2245,Hasarlı Bina,"Bayraklı,Manavkuyu Mahallesi",Evet,
2241,Hasarlı Bina,"Bayraklı,Mansuroğlu Mahallesi",Evet,
2242,Hasarlı Bina,"Bayraklı,Mansuroğlu Mahallesi",Evet,
2243,Hasarlı Bina,"Bayraklı,Manavkuyu Mahallesi",Evet,
2239,Hasarlı Bina,"Bornova,Bornova Mahallesi",Evet,
2240,Hasarlı Bina,"Bayraklı,OSMANGAZİ Mahallesi",Evet,
2236,Hasarlı Bina,"MAVİŞEHİR,MAVİŞEHİR",Evet,
2237,Hasarlı Bina,"Bornova,Bornova Mahallesi",Evet,
2238,Hasarlı Bina,"Bayraklı,",Evet,
2234,Hasarlı Bina,"Bayraklı,Manavkuyu Mahallesi",Evet,
2235,Hasarlı Bina,"Bayraklı,Mansuroğlu Mahallesi",Evet,
2231,Hasarlı Bina,"Bayraklı,OSMANGAZİ Mahallesi",Evet,
2232,Hasarlı Bina,"Bornova,KAZIMDİRİK",Evet,
2233,Hasarlı Bina,"Bornova,MEVLANA",Evet,
2228,Hasarlı Bina,"Bayraklı,Mansuroğlu Mahallesi",Evet,
2229,Hasarlı Bina,"Karşıyaka,İMBATLI",Evet,
2230,Hasarlı Bina,"Karşıyaka,DEDEBAŞI",Evet,
2225,Hasarlı Bina,#REF!,Evet,
2226,Hasarlı Bina,"Bornova,Kazım Dirik Mahallesi",Evet,
2227,Hasarlı Bina,"Bayraklı,Mansuroğlu Mahallesi",Evet,
2222,Hasarlı Bina,"Buca,",Evet,
2223,Hasarlı Bina,"Güzelyalı,Güzelyalı Mahallesi",Evet,
2224,Hasarlı Bina,",BARBAROS",Evet,
2219,Hasarlı Bina,"Konak,AKDENİZ",Evet,
2220,Hasarlı Bina,#REF!,HASARSIZ,
2221,Hasarlı Bina,#REF!,Evet,
2216,Hasarlı Bina,"Bayraklı,Mansuroğlu Mahallesi",Evet,
2217,Hasarlı Bina,"Bayraklı,Mansuroğlu Mahallesi",Evet,
2218,Hasarlı Bina,",",Evet,
2212,Hasarlı Bina,"Balçova,ONUR Mahallesi",Evet,
2213,Hasarlı Bina,",",Evet,
2214,Hasarlı Bina,"Bayraklı,Mansuroğlu Mahallesi",Evet,
2215,Hasarlı Bina,"Bayraklı,Mansuroğlu Mahallesi",Evet,
2209,Hasarlı Bina,"Bornova,Kazım Dirik Mahallesi",Evet,
2210,Hasarlı Bina,"Bayraklı,Manavkuyu Mahallesi",Evet,
2211,Hasarlı Bina,"Bornova,Kazım Dirik Mahallesi",Evet,
2205,Hasarlı Bina,"Bayraklı,Manavkuyu Mahallesi",Evet,
2206,Hasarlı Bina,"Bayraklı,Manavkuyu Mahallesi",Evet,
2207,Hasarlı Bina,"Bayraklı,Manavkuyu Mahallesi",Evet,
2208,Hasarlı Bina,"Bayraklı,Mansuroğlu Mahallesi",Evet,
2201,Hasarlı Bina,"Bayraklı,Mansuroğlu Mahallesi",Evet,
2202,Hasarlı Bina,"KARBAĞLAR,GÜNALTAH Mahallesi",Evet,
2203,Hasarlı Bina,"Bayraklı,Tepekule Mahallesi",Evet,
2204,Hasarlı Bina,"Karşıyaka,DONANMACI",Evet,
2197,Hasarlı Bina,"Bayraklı,Manavkuyu Mahallesi",Evet,
2198,Hasarlı Bina,"Bayraklı,Mansuroğlu Mahallesi",Evet,
2199,Hasarlı Bina,"Bayraklı,Mansuroğlu Mahallesi",Evet,
2200,Hasarlı Bina,"Bornova,OSMANGAZİ Mahallesi",Evet,
2193,Hasarlı Bina,",",Evet,
2194,Hasarlı Bina,"Karşıyaka,YALI",Evet,
2195,Hasarlı Bina,"Bornova,EVKA 4",Evet,
2196,Hasarlı Bina,"Bayraklı,Mansuroğlu Mahallesi",Evet,
2188,Hasarlı Bina,"Bayraklı,Mansuroğlu Mahallesi",Evet,
2189,Hasarlı Bina,"Bornova,",Evet,
2190,Hasarlı Bina,"Bayraklı,",Evet,
2191,Hasarlı Bina,"Bayraklı,Mansuroğlu Mahallesi",Evet,
2192,Hasarlı Bina,"Bayraklı,Mansuroğlu Mahallesi",Evet,
2184,Hasarlı Bina,"Konak,",Evet,
2185,Hasarlı Bina,",Tepekule Mahallesi",Evet,
2186,Hasarlı Bina,",Tepekule Mahallesi",Evet,
2187,Hasarlı Bina,"Bayraklı,",Evet,
2178,Hasarlı Bina,"Bayraklı,Adalet Mahallesi",Evet,
2179,Hasarlı Bina,"Bayraklı,ÖZKANLAR Mahallesi",Evet,
2180,Hasarlı Bina,"Bayraklı,Mansuroğlu Mahallesi",Evet,
2181,Hasarlı Bina,"Bornova,EVKA 3",Evet,
2182,Hasarlı Bina,"Bornova,Kazım Dirik Mahallesi",Evet,
2183,Hasarlı Bina,"Bayraklı,Mansuroğlu Mahallesi",Evet,
2172,Hasarlı Bina,"Bayraklı,Manavkuyu Mahallesi",Evet,
2173,Hasarlı Bina,"Karabağlar,Tahsin Yazıcı Mahallesi",Evet,
2174,Hasarlı Bina,"Karşıyaka,Bostanlı Mahallesi",Evet,
2175,Hasarlı Bina,"Bayraklı,Adalet Mahallesi",Evet,
2176,Hasarlı Bina,"Bayraklı,Adalet Mahallesi",Evet,
2177,Hasarlı Bina,"Konak,Göztepe Mahallesi",Evet,
2165,Hasarlı Bina,"Bornova,Manavkuyu Mahallesi",Evet,
2166,Hasarlı Bina,"Bornova,ÖZKANLAR Mahallesi",Evet,
2167,Hasarlı Bina,"Karşıyaka,İMBATLI Mahallesi",Evet,
2168,Hasarlı Bina,"Bornova,ERGENE Mahallesi",Evet,
2169,Hasarlı Bina,"Buca,YILDIZ Mahallesi",Evet,
2170,Hasarlı Bina,"Bayraklı,Manavkuyu Mahallesi",Evet,
2171,Hasarlı Bina,"Bayraklı,ADALET Mahallesi",Evet,
2157,Hasarlı Bina,"Bayraklı,MANSUROĞLU Mahallesi",Evet,
2158,Hasarlı Bina,"Bornova,ERGENE Mahallesi",Evet,
2159,Hasarlı Bina,"Bornova,ERGENE  Mahallesi",Evet,
2160,Hasarlı Bina,"Bornova,KAZIM DİRİK Mahallesi",Evet,
2161,Hasarlı Bina,"Bayraklı,OSMANGAZİ Mahallesi",Evet,
2162,Hasarlı Bina,"Bayraklı,ÖZKANLAR Mahallesi",Evet,
2163,Hasarlı Bina,"Bayraklı,ADALET Mahallesi",Evet,
2164,Hasarlı Bina,"Bayraklı,ADALET Mahallesi",Evet,
2144,Hasarlı Bina,"Buca,ÇAMLIKULE Mahallesi",Evet,
2145,Hasarlı Bina,"Bayraklı,OSMANGAZİ Mahallesi",Evet,
2146,Hasarlı Bina,"Konak,-",Evet,
2147,Hasarlı Bina,"Bayraklı,MANSUROĞLU Mahallesi",Evet,
2148,Hasarlı Bina,"Bayraklı,MANSUROĞLU Mahallesi",Evet,
2149,Hasarlı Bina,"Bornova,",Evet,
2150,Hasarlı Bina,"Bayraklı,",Evet,
2151,Hasarlı Bina,"Güzelyalı,",Evet,
2152,Hasarlı Bina,"Buca,KOZAĞAÇ Mahallesi",Evet,
2153,Hasarlı Bina,"Bornova,YEŞİLOVA Mahallesi",Evet,
2154,Hasarlı Bina,"Bornova,KAZIM DİRİK Mahallesi",Evet,
2155,Hasarlı Bina,"Bayraklı,MANSUROĞLU Mahallesi",Evet,
2156,Hasarlı Bina,"Bornova,KAZIM DİRİK Mahallesi",Evet,
2142,Hasarlı Bina,,,
2143,Hasarlı Bina,"Konak,ÇINARLI Mahallesi",Evet,
2141,Hasarlı Bina,Çamdibi - Bornova,Evet,
2140,Hasarlı Bina,Seferihisar,Evet,
2139,Hasarlı Bina,Karabağlar,Evet,
2138,Hasarlı Bina,Soğukkuyu mah.,Evet,
2137,Hasarlı Bina,Alsancak,Evet,
2136,Hasarlı Bina,Narlıdere,Evet,
2135,Hasarlı Bina,Bornova,Evet,
2134,Hasarlı Bina,Karşıyaka /Demirköprü Mahallesi,Evet,
2133,Hasarlı Bina,Çamdibi Bornova,Evet,
2132,Hasarlı Bina,Nergiz / Karşıyaka,Evet,
2131,Hasarlı Bina,Bayraklı / Tepekule Mahallesi,Evet,
2130,Hasarlı Bina,Bornova,Evet,
2129,Hasarlı Bina,Karşıyaka Şemikler Mahallesi,Evet,
2128,Hasarlı Bina,Karşıyaka Aksoy Mahallesi,Evet,
2127,Hasarlı Bina,Rafetpaşa mahallesi/ yeşilova,Evet,
2126,Hasarlı Bina,karşıyaka donanmacı mah.,Evet,
2125,Hasarlı Bina,Bayraklı / Soğukkuyu Mah,Evet,
2124,Hasarlı Bina,Menemen 30 Ağustos mah,Evet,
2123,Hasarlı Bina,Buca / Mustafa Kemal mahallesi,Evet,
2122,Hasarlı Bina,Aksoy Mahallesi Karşıyaka,Evet,
2121,Hasarlı Bina,Karşıyaka / Yalı mahallesi,Evet,
2120,Hasarlı Bina,Karşıyaka / Yalı mahallesi,Evet,
2119,Hasarlı Bina,Bayraklı / Mansuroğlu mahallesi,Evet,
2118,Hasarlı Bina,Karşıyaka / Alaybey mahallesi,Evet,
2117,Hasarlı Bina,Karşıyaka / Bostanlı mahallesi,Evet,
2116,Hasarlı Bina,Bornova / Mevlana mahallesi,Evet,
2115,Hasarlı Bina,Bornova / Ergene Mahallesi,Evet,
2114,Hasarlı Bina,Karşıyaka / Tersane mahallesi,Evet,
2113,Hasarlı Bina,Karşıyaka / Örnekköy mahallesi,Evet,
2112,Hasarlı Bina,Karşıyaka/Şemikler mahallesi,Evet,
2111,Hasarlı Bina,Karabağlar/Adnan Süvari,Evet,
2110,Hasarlı Bina,Bornova / Erzene Mahallesi,Evet,
2109,Hasarlı Bina,Güzelbahçe / Maltepe mahallesi,Evet,
2108,Hasarlı Bina,Karşıyaka / Nergis,Evet,
2107,Hasarlı Bina,Bayraklı / Mansuroğlu mah.,Evet,
2106,Hasarlı Bina,Mansuroğlu Mah. Bayraklı,Evet,
2105,Hasarlı Bina,Buca,Evet,
2104,Hasarlı Bina,Karşıyaka / Bahariye mah.,Evet,
2103,Hasarlı Bina,Karabağlar / Basın Sitesi,Evet,
2102,Hasarlı Bina,Bornova,Evet,
2101,Hasarlı Bina,Konak /Alsancak,Evet,
2100,Hasarlı Bina,Karşıyaka / Şemikler,Evet,
2099,Hasarlı Bina,"Manavkuyu, Bayraklı/İzmir",Evet,
2098,Hasarlı Bina,Fırat Mahallesi Buca,Evet,
2097,Hasarlı Bina,Karabağlar/Yurtoğlu Mahallesi,Evet,
2096,Hasarlı Bina,Karşıyaka / Bahriye Üçok Mahallesi,Evet,
2095,Hasarlı Bina,"Mansuroğlu Mah., Bayraklı,",Evet,
2094,Hasarlı Bina,Karşıyaka /Bostanlı,Evet,
2093,Hasarlı Bina,Bornova,Evet,
2092,Hasarlı Bina,Foça / Mustafa Kemal Atatürk mah.,Evet,
2091,Hasarlı Bina,"Fevzi Çakmak Mah., Balçova",Evet,
2090,Hasarlı Bina,Karşıyaka /Örnekköy,Evet,
2089,Hasarlı Bina,Manavkuyu - Bayraklı,Evet,
2088,Hasarlı Bina,"Mansuroğlu Mah., Bayraklı,",Evet,
2087,Hasarlı Bina,Karşıyaka /Bahçelievler,Evet,
2086,Hasarlı Bina,Karşıyaka,Evet,
2085,Hasarlı Bina,Kazımdirik Mah / Bornova,Evet,
2084,Hasarlı Bina,Karşıyaka /Bostanlı,Evet,
2083,Hasarlı Bina,Karşıyaka/ Demirköprü Mah.,Evet,
2082,Hasarlı Bina,Bostanlı mahallesi,Evet,
2081,Hasarlı Bina,Kazımdirik Mahallesi Bornova,Evet,
2080,Hasarlı Bina,Konak,Evet,
2079,Hasarlı Bina,Bayraklı/Adalet Mahallesi,Evet,
2078,Hasarlı Bina,Konak Alsancak,Evet,
2077,Hasarlı Bina,"Mansuroğlu Mah Bayraklı, İzmir, Türkiye",Evet,
2076,Hasarlı Bina,Bayraklı / Mansuroğlu Mahallesi,Evet,
2075,Hasarlı Bina,Manavkuyu Mah.,Evet,
2074,Hasarlı Bina,karşıyaka,Evet,
2073,Hasarlı Bina,Gaziemir,Evet,
2072,Hasarlı Bina,Bayraklı / Manavkuyu Mahallesi,Evet,
2071,Hasarlı Bina,BAYRAKLI-İzmir,Evet,
2070,Hasarlı Bina,Bayraklı / Adalet Mahallesi,Evet,
2069,Hasarlı Bina,MANAVKUYU,Evet,
2068,Hasarlı Bina,yalı mahallesi bostanlı,Evet,
2067,Hasarlı Bina,Alsancak Mahallesi,Evet,
2066,Hasarlı Bina,manavkuyu,Evet,
2065,Hasarlı Bina,Bayraklı,Evet,
2063,Hasarlı Bina,"Güzelyalı Mahallesi, Konak",Evet,
2062,Hasarlı Bina,Manavkuyu,Evet,
2061,Hasarlı Bina,Güzelyalı KONAK-İZMİR,Evet,
2060,Hasarlı Bina,Konak Alsancak,Evet,
2059,Hasarlı Bina,Konak Alsancak,Evet,
2058,Hasarlı Bina,alsancak/konak,Evet,
2057,Hasarlı Bina,Esentepe Mahallesi/ Karabağlar,Evet,
2056,Hasarlı Bina,ŞEMİKLER MAH/KARŞIYAKA,Evet,
2055,Hasarlı Bina,Balçova / Korutürk Mahallesi,Evet,
2054,Hasarlı Bina,Karşıyaka /Donanmacı Mah.,Evet,
2053,Hasarlı Bina,EVKA3 BORNOVA,Evet,
2052,Hasarlı Bina,ÇANKAYA/İZMİR,Evet,
2051,Hasarlı Bina,Karşıyaka Aksoy Mahallesi,Evet,
2050,Hasarlı Bina,Karşıyaka,Evet,
2049,Hasarlı Bina,Manavkuyu Mahallesi Bayraklı,Evet,
2048,Hasarlı Bina,Buca Fırat mah,Evet,
2047,Hasarlı Bina,karşıyaka / bahariye,Evet,
2046,Hasarlı Bina,Çiğli/Harmandalı/Uğurmumcu,Evet,
2045,Hasarlı Bina,Buca / Yenigün Mahallesi,Evet,
2044,Hasarlı Bina,KONAK KÜLTÜR MAHALLESİ,Evet,
2043,Hasarlı Bina,URLA/ATATÜRK,Evet,
2042,Hasarlı Bina,KONAK/ALSANCAK,Evet,
2041,Hasarlı Bina,KONAK/ALSANCAK,Evet,
2040,Hasarlı Bina,Menemen/Villakent,Evet,
2039,Hasarlı Bina,konak kültür mahalesi,Evet,
2038,Hasarlı Bina,Göztepe mahallesi,Evet,
2037,Hasarlı Bina,İZMİR ATİLLA MAHALESİ KONAK,Evet,
2036,Hasarlı Bina,ATİLLA MAHALESİ KONAK,Evet,
2035,Hasarlı Bina,Alsancak Mahallesi,Evet,
2034,Hasarlı Bina,Çiğli,Evet,
2033,Hasarlı Bina,Bayraklı / Mansuroğlu Mah.,Evet,
2032,Hasarlı Bina,Bayraklı/mansuroglu,Evet,
2031,Hasarlı Bina,KARŞIYAKA BAHÇELİEVLER MAH.,Evet,
2030,Hasarlı Bina,Karşıyaka/Bahariye mahallesi,Evet,
2029,Hasarlı Bina,BASIN SITESI MAHALLESI / KARABAGLAR,Evet,
2028,Hasarlı Bina,BASIN SİTESİ MAHALLESİ / KARABAĞLAR,Evet,
2027,Hasarlı Bina,Aliağa/ Yeni,Evet,
2026,Hasarlı Bina,Mehmet Ali Akman Mahallesi,Evet,
2025,Hasarlı Bina,balçova/fevzi çakmak mahallesi,Evet,
2024,Hasarlı Bina,"Güzelyalı Mahallesi, Konak",Evet,
2023,Hasarlı Bina,Konak - Mehmet Ali Akman Mah.,Evet,
2022,Hasarlı Bina,Konak,Evet,
2021,Hasarlı Bina,Karşiyaka,Evet,
2020,Hasarlı Bina,KONAK - ALSANCAK,Evet,
2019,Hasarlı Bina,Menemen/İstiklal Mahallesi,Evet,
2018,Hasarlı Bina,Rafetpaşa Mahallesi,Evet,
2017,Hasarlı Bina,Bayraklı/masuroğlu mah.,Evet,
2016,Hasarlı Bina,Karabağlar / İzmir,Evet,
2015,Hasarlı Bina,Karabağlar / Araphasan Mahallesi,Evet,
2014,Hasarlı Bina,Bayraklı/Mansuroğlu Mahallesi,Evet,
2013,Hasarlı Bina,Mansuroğlu mah,Evet,
2012,Hasarlı Bina,Alsancak kültür mah,Evet,
2011,Hasarlı Bina,Alsancak kültür mahallesi,Evet,
2010,Hasarlı Bina,Alsancak Kıbrıs şehitleri,Evet,
2009,Hasarlı Bina,Alsancak /Konak/,Evet,
2008,Hasarlı Bina,karsiyaka / bostanli,Evet,
2007,Hasarlı Bina,akdeniz mahallesi,Evet,
2006,Hasarlı Bina,M ali akman mahallesi,Evet,
2005,Hasarlı Bina,Göztepe İnönü caddesi,Evet,
2004,Hasarlı Bina,mansuroğlu,Evet,
2003,Hasarlı Bina,Mansuroglu mahallesi,Evet,
2002,Hasarlı Bina,Akınlar caddesi kahramanlar konak,Evet,
2001,Hasarlı Bina,Konak -,Evet,
2000,Hasarlı Bina,Manavkuyu mah,Evet,
1999,Hasarlı Bina,Konak,Evet,
1998,Hasarlı Bina,275/16 şok no: 3/b,Evet,
1997,Hasarlı Bina,Konak,Evet,
1996,Hasarlı Bina,Konak / Akdeniz Mah.,Evet,
1995,Hasarlı Bina,Bayrakli mansuroglu,Evet,
1994,Hasarlı Bina,Kazimdirik mahallesi,Evet,
1993,Hasarlı Bina,Konak Kahramanlar mahallesi,Evet,
1992,Hasarlı Bina,Konak Kahramanlar mahallesi,Evet,
1991,Hasarlı Bina,Karşıyaka /Bostanlı,Evet,
1990,Hasarlı Bina,Çiğli/ Ataşehir,Evet,
1989,Hasarlı Bina,Donanmacı Mah.,Evet,
1988,Hasarlı Bina,bahçelievler/karşıyaka,Evet,
1987,Hasarlı Bina,Karabağlar esentepe mahallesi,Evet,
1986,Hasarlı Bina,Karşıyaka / Atakent,Evet,
1985,Hasarlı Bina,Göztepe Mahallesi,Evet,
1984,Hasarlı Bina,Bayraklı - Mansuroğlu Mah.,Evet,
1983,Hasarlı Bina,Çiğli,Evet,
1982,Hasarlı Bina,Ergene,Evet,
1981,Hasarlı Bina,Konak / Mehmet Ali Akman Mahallesi,Evet,
1980,Hasarlı Bina,Çiğli / Uğur Mumcu Mahallesi,Evet,
1979,Hasarlı Bina,Konak / çınarlı,Evet,
1978,Hasarlı Bina,Konak / Kültür mahallesi,Evet,
1977,Hasarlı Bina,Konak Çınarlı mah.,Evet,
1976,Hasarlı Bina,Bornova,Evet,
1975,Hasarlı Bina,"Karşıyaka, Bostanlı Mah.",Evet,
1974,Hasarlı Bina,"Bayraklı, Manavkuyu Mah., Mustafa Kemal Caddesi",Evet,
1973,Hasarlı Bina,"Balçova, Eğitim Mahallesi",Evet,
1972,Hasarlı Bina,Bayraklı / Manavkuyu,Evet,
1971,Hasarlı Bina,Kahramanlar KONAK,Evet,
1970,Hasarlı Bina,Bornova kazım dirik mahallesi,Evet,
1969,Hasarlı Bina,Göztepe mahallesi,Evet,
1968,Hasarlı Bina,Karşıyaka/Alaybey,Evet,
1967,Hasarlı Bina,KARŞIYAKA YALI MAHALLESİ,Evet,
1966,Hasarlı Bina,alsancak mahallesi,Evet,
1965,Hasarlı Bina,çiğli atasehir mahallesi,Evet,
1964,Hasarlı Bina,çiğli ataşehir,Evet,
1963,Hasarlı Bina,İzmir,Evet,
1962,Hasarlı Bina,İZMİR,Evet,
1961,Hasarlı Bina,İZMİR,Evet,
1960,Hasarlı Bina,manavkuyu,Evet,
1959,Hasarlı Bina,Buca / güven mahallesi,Evet,
1958,Hasarlı Bina,Karşıyaka/Bahriye Mahallesi,Evet,
1957,Hasarlı Bina,Bahçelievler,Evet,
1956,Hasarlı Bina,Buca  / Atatürk Mahallesi,Evet,
1955,Hasarlı Bina,karabağlar/basın sitesi mahallesi,Evet,
1954,Hasarlı Bina,Kuşadası kadınlar denizi mahallesi,Evet,
1953,Hasarlı Bina,Seferihisar/ Atatürk Mahallesi,Evet,
1952,Hasarlı Bina,Buca / Inönü Mahallesi,Evet,
1951,Hasarlı Bina,Karşıyaka,Evet,
1950,Hasarlı Bina,Karşıyaka,Evet,
1949,Hasarlı Bina,Alsancak/Kıbrıs Şehtleri,Evet,
1948,Hasarlı Bina,Alsancak/Kıbrıs Şehtleri,Evet,
1947,Hasarlı Bina,Gaziemir,Evet,
1946,Hasarlı Bina,Atatürk cad.no:350 yalı apt. Vapur iskelesi karşısıkat:2 daire:4 .alsancak izmir,Evet,
1945,Hasarlı Bina,Göztepe Mahallesi - Konak,Evet,
1944,Hasarlı Bina,karşıyaka/bostanlı mah.,Evet,
1943,Hasarlı Bina,Karşıyaka / Bahçelievler,Evet,
1942,Hasarlı Bina,Fevzi Çakmak Mh 6221 Gümüldür,Evet,
1941,Hasarlı Bina,Bornova-Karacaoğlan mahallesi,Evet,
1940,Hasarlı Bina,Konak/Altıntaş Mahallesi,Evet,
1939,Hasarlı Bina,gaziemir,Evet,
1938,Hasarlı Bina,"mansuroğlu mahallesi ,Bayraklı ,İZMİR ADLİYESİ YANI",Evet,
1937,Hasarlı Bina,Karşıyaka/Bostanlı,Evet,
1936,Hasarlı Bina,"Alsancak, Mimar Sinan mahallesi",Evet,
1935,Hasarlı Bina,KARŞIYAKA / DONANMACI MAHALLESİ,Evet,
1934,Hasarlı Bina,KONAK,Evet,
1933,Hasarlı Bina,Bahçelievler mah.,Evet,
1932,Hasarlı Bina,"karşıyaka, fikri altay mahallesi",Evet,
1931,Hasarlı Bina,Altındağ/meriç mah.,Evet,
1930,Hasarlı Bina,Karşıyaka-Goncalar Mah.,Evet,
1929,Hasarlı Bina,Bornova Erzene Mahallesi,Evet,
1928,Hasarlı Bina,Cumhuriyet Mahallesi,Evet,
1927,Hasarlı Bina,Cumhuriyet Mahallesi,Evet,
1926,Hasarlı Bina,Karşıyaka/ Mavişehir,Evet,
1925,Hasarlı Bina,Karsiyaka Bostanli,Evet,
1924,Hasarlı Bina,Karşıyaka/Akaybey,Evet,
1923,Hasarlı Bina,Bayraklı / Manavkuyu,Evet,
1922,Hasarlı Bina,İzmir/ Konak/ Mehmet Ali Akman Mh.,Evet,
1921,Hasarlı Bina,Konak Kültür,Evet,
1920,Hasarlı Bina,Karabağlar/yeşilyurt Doğanay mah.,Evet,
1919,Hasarlı Bina,BORNOVA,Evet,
1918,Hasarlı Bina,İZMİR MODDA SİTESİ,Evet,
1917,Hasarlı Bina,Karabağlar İZMİR,Evet,
1916,Hasarlı Bina,İZMİR,Evet,
1915,Hasarlı Bina,Karşıyaka / Bostanlı,Evet,
1914,Hasarlı Bina,Karsiyaka Bostanlı,Evet,
1913,Hasarlı Bina,Bayraklı / Manavkuyu Mahallesi,Evet,
1912,Hasarlı Bina,Karşıyaka Bahariye Mahallesi,Evet,
1911,Hasarlı Bina,Karşıyaka / Bostanlı,Evet,
1910,Hasarlı Bina,Bornova / Tuna,Evet,
1909,Hasarlı Bina,Karşıyaka / Bahriye Üçok Mahallesi,Evet,
1908,Hasarlı Bina,Bayraklı manavkuyu mahallesi,Evet,
1907,Hasarlı Bina,Karşıyaka/ Bostanlı,Evet,
1906,Hasarlı Bina,KUŞADASI/AYDIN,Evet,
1905,Hasarlı Bina,İzmir,Evet,
1904,Hasarlı Bina,Karabağlar çalıkuşu,Evet,
1903,Hasarlı Bina,bayraklı / soğukkuyu mahallesi,Evet,
1902,Hasarlı Bina,Bayraklı manavkuyu,Evet,
1901,Hasarlı Bina,izmir,Evet,
1900,Hasarlı Bina,izmir,Evet,
1899,Hasarlı Bina,Karşıyaka / Mavişehir,Evet,
1898,Hasarlı Bina,BAYRAKLI İLÇESİ SOĞUKKUYU MAHALLESİ,Evet,
1897,Hasarlı Bina,Kazımdirik mahallesi,Evet,
1896,Hasarlı Bina,izmir,Evet,
1894,Hasarlı Bina,Atakent Karşıyaka,Evet,
1893,Hasarlı Bina,Bornova Kazım Dirik Mahallesi,Evet,
1890,Hasarlı Bina,bayraklı/mansuroğlu,Evet,
1889,Hasarlı Bina,"Bayraklı, Manavkuyu Mah.",Evet,
1888,Hasarlı Bina,Mithatpaşa,Evet,
1886,Hasarlı Bina,Karşıyaka,Evet,
1885,Hasarlı Bina,Bayraklı Manavkuyu MAh.,Evet,
1884,Hasarlı Bina,Bayraklı/Adalet mahallesi,Evet,
1883,Hasarlı Bina,Izmir,Evet,
1882,Hasarlı Bina,Karabaglar Arap Hasan Mahallesi,Evet,
1881,Hasarlı Bina,Bayraklı/Mansuroğlu Mahallesi,Evet,
1880,Hasarlı Bina,Bornova-Evka3 mahallesi,Evet,
1879,Hasarlı Bina,Bayraklı,Evet,
1878,Hasarlı Bina,Evka 4 Mahallesi,Evet,
1877,Hasarlı Bina,Bornova,Evet,
1876,Hasarlı Bina,Bayraklı/Mansuroğlu mahallesi,Evet,
1875,Hasarlı Bina,Bornova-Evka3 mahallesi,Evet,
1874,Hasarlı Bina,Karşıyaka / Donanmacı Mahallesi,Evet,
1873,Hasarlı Bina,Bayraklı/ manavkuyu,Evet,
1872,Hasarlı Bina,Karşıyaka Bahçelievler mahallesi,Evet,
1871,Hasarlı Bina,Bostanlı Mahallesi/KARŞIYAKA,Evet,
1870,Hasarlı Bina,Konak Kahramanlar mahallesi,Evet,
1869,Hasarlı Bina,Mansuroğlu mahallesi,Evet,
1868,Hasarlı Bina,Mansuroğlu mah Bayraklı,Evet,
1867,Hasarlı Bina,konak kültür mahallesi,Evet,
1866,Hasarlı Bina,konak,Evet,
1865,Hasarlı Bina,Bayraklı/Mansuroğlu mahallesi,Evet,
1864,Hasarlı Bina,"BORNOVA, ERZENE MAHALLESİ",Evet,
